1.065593147277832031e+01,1.042568874359130859e+01
9.495560646057128906e+00,9.639252662658691406e+00
-8.312882184982299805e-01,1.436738014221191406e+00
1.429296875000000000e+01,-5.310771942138671875e+00
1.509475517272949219e+01,-4.596951484680175781e+00
9.955598831176757812e+00,1.021863079071044922e+01
-2.060501575469970703e+00,-2.316149234771728516e+00
1.676503944396972656e+01,-3.984413623809814453e+00
-6.445637941360473633e-01,7.730926871299743652e-01
-3.087509870529174805e+00,-4.618026733398437500e+00
1.464411163330078125e+01,1.000713825225830078e+01
1.447286510467529297e+01,-5.512310028076171875e+00
-3.206856489181518555e+00,-5.085482120513916016e+00
-1.160532712936401367e+00,-2.568589687347412109e+00
-7.762065410614013672e+00,1.262552642822265625e+01
-1.413443803787231445e+00,-2.332078218460083008e+00
1.303858852386474609e+01,-5.894876956939697266e+00
9.389890670776367188e+00,9.508382797241210938e+00
8.419065475463867188e+00,1.016648101806640625e+01
8.529487609863281250e+00,1.141848278045654297e+01
-6.599352836608886719e+00,1.253831768035888672e+01
9.757693290710449219e+00,1.090594005584716797e+01
1.308779811859130859e+01,-5.850818157196044922e+00
9.425036430358886719e+00,1.016089248657226562e+01
-2.969241380691528320e+00,-4.881995677947998047e+00
1.557069301605224609e+01,-2.395628452301025391e+00
1.714747810363769531e+01,-9.190779328346252441e-01
1.556281948089599609e+01,-3.819107055664062500e+00
8.362365722656250000e+00,1.032304000854492188e+01
1.976502180099487305e+00,9.427079558372497559e-01
1.948409438133239746e+00,9.117755889892578125e-01
-2.745478153228759766e+00,-5.066535472869873047e+00
-9.900998473167419434e-01,-1.666803836822509766e+00
8.929192543029785156e+00,8.995106697082519531e+00
8.600317001342773438e+00,1.135892963409423828e+01
-2.311521768569946289e+00,-3.272351026535034180e+00
9.192761421203613281e+00,9.971887588500976562e+00
1.448578548431396484e+01,-5.432012557983398438e+00
9.212411880493164062e+00,1.006868839263916016e+01
-6.941220760345458984e+00,1.217294311523437500e+01
1.433317470550537109e+01,9.970084190368652344e+00
8.697365760803222656e+00,9.629185676574707031e+00
1.735067176818847656e+01,-1.003671765327453613e+00
9.112867355346679688e+00,1.080206489562988281e+01
1.720269966125488281e+01,-7.829877734184265137e-01
-1.143694162368774414e+00,-7.392203807830810547e-01
-1.026464223861694336e+00,-1.895692825317382812e+00
-1.347769737243652344e+00,-1.348366379737854004e+00
1.465850257873535156e+01,-5.278758525848388672e+00
9.634680747985839844e+00,1.105035495758056641e+01
-2.393678426742553711e+00,-3.098036289215087891e+00
-6.778809547424316406e+00,1.295378780364990234e+01
1.003051757812500000e+01,1.019388961791992188e+01
-3.121122598648071289e+00,-5.269890308380126953e+00
-9.286795854568481445e-01,-1.771199107170104980e+00
1.643058395385742188e+01,-2.975970268249511719e+00
-4.055586159229278564e-01,7.316821813583374023e-01
9.988624572753906250e+00,1.021130466461181641e+01
-1.622206091880798340e+00,-2.903973340988159180e+00
-3.568044662475585938e+00,-5.121366500854492188e+00
-7.645151615142822266e+00,1.278153228759765625e+01
9.466381072998046875e+00,9.158795356750488281e+00
-7.675972461700439453e+00,1.213828659057617188e+01
-1.384005546569824219e+00,-1.166065216064453125e+00
-2.086050510406494141e+00,-2.706244707107543945e+00
1.440070343017578125e+01,-4.454477310180664062e+00
1.064475154876708984e+01,9.956119537353515625e+00
9.041903495788574219e+00,9.200056076049804688e+00
8.721816062927246094e+00,1.140114974975585938e+01
-8.068684577941894531e+00,1.205895042419433594e+01
1.679721450805664062e+01,-1.123404860496520996e+00
-2.041995525360107422e+00,-2.245954751968383789e+00
1.714898872375488281e+01,-6.639170646667480469e-01
1.548792552947998047e+01,-2.811559438705444336e+00
1.408239459991455078e+01,-4.980320930480957031e+00
9.917053222656250000e+00,9.371078491210937500e+00
1.412405300140380859e+01,-5.085134983062744141e+00
-1.051467895507812500e+00,-1.133088946342468262e+00
-6.676656246185302734e+00,1.200758743286132812e+01
-2.767266511917114258e+00,-1.094081878662109375e+00
-9.178692698478698730e-01,-2.536778926849365234e+00
1.681930732727050781e+01,-2.111080884933471680e+00
9.069897651672363281e+00,8.956068038940429688e+00
1.566584873199462891e+01,-3.823018550872802734e+00
8.372587203979492188e+00,1.034803295135498047e+01
1.491607475280761719e+01,-4.713661670684814453e+00
-5.172388553619384766e-01,7.231063842773437500e-01
1.364495468139648438e+01,-5.399016857147216797e+00
8.623180389404296875e+00,9.485860824584960938e+00
-2.277471065521240234e+00,-2.956367254257202148e+00
-6.797793507575988770e-01,9.130845665931701660e-01
-2.862442731857299805e+00,-5.246445655822753906e+00
9.322606086730957031e+00,9.518415451049804688e+00
-2.970990419387817383e+00,-4.412973403930664062e+00
8.477289199829101562e+00,9.943011283874511719e+00
1.038984203338623047e+01,9.288731575012207031e+00
9.269751548767089844e+00,1.022802066802978516e+01
1.713351440429687500e+01,-3.525087833404541016e+00
-1.273710250854492188e+00,-2.944879055023193359e+00
1.399318504333496094e+01,-4.902292728424072266e+00
1.962614774703979492e+00,9.480762481689453125e-01
-7.328189849853515625e+00,1.285190582275390625e+01
-3.330131292343139648e+00,-5.143917560577392578e+00
-1.456078052520751953e+00,-1.530755162239074707e+00
1.286714792251586914e+00,1.839740943908691406e+01
1.376502895355224609e+01,-5.109851837158203125e+00
-2.797461271286010742e+00,-1.011460781097412109e+00
-3.342017889022827148e+00,-5.200432300567626953e+00
-6.752921581268310547e+00,1.237518215179443359e+01
-6.708147525787353516e+00,1.216062545776367188e+01
8.969344139099121094e+00,1.133913993835449219e+01
-6.882532596588134766e+00,1.249053001403808594e+01
-6.850026607513427734e+00,1.191358089447021484e+01
8.566010475158691406e+00,9.862171173095703125e+00
9.073428153991699219e+00,9.284259796142578125e+00
9.524776458740234375e+00,1.061753177642822266e+01
-7.690289974212646484e+00,1.201383495330810547e+01
-8.130819797515869141e-01,8.977211713790893555e-01
1.725410079956054688e+01,-2.311766147613525391e+00
-3.632755994796752930e+00,-5.233106136322021484e+00
-9.196708798408508301e-01,-9.595819115638732910e-01
8.990495681762695312e+00,9.311861038208007812e+00
9.789911270141601562e+00,9.580028533935546875e+00
1.430184078216552734e+01,1.001274299621582031e+01
-6.080034971237182617e-01,9.134922623634338379e-01
-3.824247598648071289e+00,-5.106739521026611328e+00
-9.154671430587768555e-01,-1.941114783287048340e+00
-3.887486934661865234e+00,-5.136184215545654297e+00
1.620396423339843750e+01,-3.084074974060058594e+00
1.038975334167480469e+01,1.014649009704589844e+01
8.540019035339355469e+00,1.144232082366943359e+01
1.406988620758056641e+01,9.918201446533203125e+00
8.725578308105468750e+00,9.128628730773925781e+00
1.637029647827148438e+01,-2.342928647994995117e+00
1.464997386932373047e+01,-4.015581130981445312e+00
9.171639442443847656e+00,1.124487876892089844e+01
-2.015337705612182617e+00,-2.762369394302368164e+00
-3.005516767501831055e+00,-4.808060169219970703e+00
1.229144692420959473e+00,1.834172630310058594e+01
1.830916762351989746e+00,8.520886301994323730e-01
9.034457206726074219e+00,8.873747825622558594e+00
-5.238962173461914062e-01,8.197155594825744629e-01
1.441655445098876953e+01,1.005594825744628906e+01
-8.302755355834960938e+00,1.242257976531982422e+01
-2.910397768020629883e+00,-4.651288986206054688e+00
1.031844902038574219e+01,9.240787506103515625e+00
1.702943611145019531e+01,-1.637259125709533691e+00
-7.764165878295898438e+00,1.273943328857421875e+01
8.959105491638183594e+00,9.321494102478027344e+00
-6.842213153839111328e+00,1.197387504577636719e+01
1.628475952148437500e+01,-3.474690437316894531e+00
1.383345031738281250e+01,-5.058613300323486328e+00
1.020675182342529297e+01,9.175622940063476562e+00
9.009196281433105469e+00,9.617856025695800781e+00
-7.364202976226806641e+00,1.248384189605712891e+01
-3.760531902313232422e+00,-5.039519309997558594e+00
-1.917119026184082031e+00,-1.817212343215942383e+00
1.693973159790039062e+01,-3.822891712188720703e+00
1.653623008728027344e+01,-3.980584383010864258e+00
-6.677174091339111328e+00,1.233439254760742188e+01
-7.301171302795410156e+00,1.291774845123291016e+01
1.399491786956787109e+01,-4.844088554382324219e+00
-7.584170818328857422e+00,1.169807910919189453e+01
-7.059515953063964844e+00,1.176288700103759766e+01
1.432066726684570312e+01,1.000032043457031250e+01
-1.055968999862670898e+00,-8.055166602134704590e-01
1.545814800262451172e+01,-2.478967905044555664e+00
1.046693325042724609e+01,9.312713623046875000e+00
-9.960857033729553223e-01,-5.155186057090759277e-01
-2.217513561248779297e+00,-2.217577695846557617e+00
1.031536483764648438e+01,1.015976905822753906e+01
1.005047035217285156e+01,9.049651145935058594e+00
1.729028129577636719e+01,-1.883785367012023926e+00
1.498578262329101562e+01,-4.828955650329589844e+00
1.669742012023925781e+01,-4.033453464508056641e+00
8.943354606628417969e+00,8.900234222412109375e+00
1.628663253784179688e+01,-3.502549648284912109e+00
-2.650760173797607422e+00,-1.064252257347106934e+00
-1.404947280883789062e+00,-2.016505718231201172e+00
1.068571662902832031e+01,1.020668029785156250e+01
-1.041869997978210449e+00,-1.831197500228881836e+00
1.014194202423095703e+01,1.017778301239013672e+01
1.568205833435058594e+01,-3.817612886428833008e+00
-6.622949123382568359e+00,1.255036544799804688e+01
-3.634565830230712891e+00,-5.122967243194580078e+00
1.009311389923095703e+01,9.022584915161132812e+00
-2.086600065231323242e+00,-1.471897959709167480e+00
9.430336952209472656e+00,1.038098907470703125e+01
-7.711430191993713379e-01,1.246525883674621582e+00
-2.670416831970214844e-01,1.732258987426757812e+01
-3.665835142135620117e+00,-5.075213432312011719e+00
9.485333442687988281e+00,9.142226219177246094e+00
1.404912567138671875e+01,-5.122148990631103516e+00
-8.736512660980224609e-01,7.546656727790832520e-01
1.404597282409667969e+01,-5.004527568817138672e+00
1.589506053924560547e+01,-3.436539173126220703e+00
1.713171386718750000e+01,-6.161855459213256836e-01
1.438366222381591797e+01,1.001627922058105469e+01
-7.647890567779541016e+00,1.273508358001708984e+01
-2.191612958908081055e+00,-2.279969215393066406e+00
-4.424398243427276611e-01,8.215637207031250000e-01
-7.058404445648193359e+00,1.262164402008056641e+01
1.300434589385986328e+01,-5.929328918457031250e+00
1.552074432373046875e+01,-3.948620557785034180e+00
9.392299652099609375e+00,1.115702629089355469e+01
9.583931922912597656e+00,9.779973983764648438e+00
9.979759216308593750e+00,8.982251167297363281e+00
-2.062071084976196289e+00,-3.091892957687377930e+00
1.596109485626220703e+01,-4.653400421142578125e+00
-7.065047264099121094e+00,1.256888866424560547e+01
-8.026851654052734375e+00,1.184664916992187500e+01
-3.770087718963623047e+00,-5.070271968841552734e+00
1.661990737915039062e+01,-2.817673206329345703e+00
1.255251407623291016e+00,1.836736297607421875e+01
1.969732642173767090e+00,9.320256114006042480e-01
1.669901084899902344e+01,-1.983406543731689453e+00
1.240404605865478516e+00,1.835169410705566406e+01
-7.605115890502929688e+00,1.313269424438476562e+01
1.556626510620117188e+01,-3.962842941284179688e+00
-2.397898584604263306e-01,1.735020256042480469e+01
1.476626205444335938e+01,1.003877353668212891e+01
-1.017484426498413086e+00,-9.984676241874694824e-01
1.226346731185913086e+00,1.834711074829101562e+01
1.416445827484130859e+01,-4.658836364746093750e+00
1.710993194580078125e+01,-1.195945978164672852e+00
1.439626026153564453e+01,-4.314609527587890625e+00
9.477037429809570312e+00,1.028808784484863281e+01
-1.361443161964416504e+00,-2.869505882263183594e+00
1.661779022216796875e+01,-4.052039146423339844e+00
1.385884952545166016e+01,-5.358406066894531250e+00
-8.228119850158691406e+00,1.246399402618408203e+01
1.586174583435058594e+01,-4.726885795593261719e+00
-7.420181274414062500e+00,1.163561439514160156e+01
1.470774173736572266e+01,1.006370925903320312e+01
-2.068778991699218750e+00,-2.770701885223388672e+00
1.601904296875000000e+01,-4.369605064392089844e+00
9.433139801025390625e+00,1.102413940429687500e+01
8.659372329711914062e+00,9.128332138061523438e+00
1.403150463104248047e+01,9.831259727478027344e+00
-8.236298561096191406e+00,1.253458023071289062e+01
-2.309775590896606445e+00,-2.438761472702026367e+00
-1.493177533149719238e+00,-1.768452286720275879e+00
1.053213024139404297e+01,9.516361236572265625e+00
-1.980223655700683594e+00,-2.651656866073608398e+00
-2.234891653060913086e+00,-2.753618001937866211e+00
9.114250183105468750e+00,8.863069534301757812e+00
-2.948147058486938477e+00,-5.082327842712402344e+00
1.348713588714599609e+01,-5.517272472381591797e+00
-6.717055797576904297e+00,1.207503890991210938e+01
1.332847213745117188e+01,-5.650645256042480469e+00
9.433684349060058594e+00,1.115264701843261719e+01
1.478314304351806641e+01,-5.326319694519042969e+00
-8.136677742004394531e+00,1.252331733703613281e+01
1.664752578735351562e+01,-1.963994264602661133e+00
9.461287498474121094e+00,9.153520584106445312e+00
1.708747673034667969e+01,-1.984029054641723633e+00
-3.745436370372772217e-01,1.050082683563232422e+00
1.101788425445556641e+01,1.054598808288574219e+01
8.360890388488769531e+00,9.626078605651855469e+00
1.569291210174560547e+01,-2.822247028350830078e+00
1.580095672607421875e+01,-4.604910850524902344e+00
-1.818779706954956055e+00,-2.981906414031982422e+00
1.726262092590332031e+01,-2.110049962997436523e+00
-7.071174621582031250e+00,1.200672626495361328e+01
1.539891433715820312e+01,-4.295058727264404297e+00
1.320678234100341797e+01,-5.755173206329345703e+00
1.715593147277832031e+01,-3.403353214263916016e+00
8.573829650878906250e+00,1.142240524291992188e+01
1.457081317901611328e+01,1.012989044189453125e+01
-3.104860067367553711e+00,-5.264191627502441406e+00
-9.541649222373962402e-01,-1.515864491462707520e+00
1.549383544921875000e+01,-2.573500394821166992e+00
-3.337878942489624023e+00,-5.347359180450439453e+00
-7.554104328155517578e+00,1.240594863891601562e+01
-1.331963300704956055e+00,-9.363037347793579102e-01
1.576663684844970703e+01,-4.740598678588867188e+00
1.596005249023437500e+01,-3.339473962783813477e+00
1.440463447570800781e+01,1.005642700195312500e+01
-1.147523522377014160e+00,-2.003807783126831055e+00
-7.873343944549560547e+00,1.243120956420898438e+01
1.442129898071289062e+01,-5.398449420928955078e+00
1.725004196166992188e+01,-2.054059505462646484e+00
1.675926017761230469e+01,-2.021183490753173828e+00
1.646259498596191406e+01,-3.436792612075805664e+00
1.581513881683349609e+01,-4.630671977996826172e+00
1.590952396392822266e+01,-2.560872554779052734e+00
1.101866436004638672e+01,1.052454948425292969e+01
8.410083770751953125e+00,1.044881439208984375e+01
1.657963943481445312e+01,-2.086664438247680664e+00
8.571430206298828125e+00,1.037991237640380859e+01
9.489751815795898438e+00,1.015585136413574219e+01
-8.832615613937377930e-01,7.625248432159423828e-01
1.563462162017822266e+01,-2.522720098495483398e+00
-6.307321786880493164e-01,1.289204120635986328e+00
1.698955345153808594e+01,-1.029392600059509277e+00
-2.098484277725219727e+00,-1.118036150932312012e+00
-2.753862619400024414e+00,-1.026636838912963867e+00
1.640203285217285156e+01,-3.080836057662963867e+00
9.292171478271484375e+00,9.612058639526367188e+00
1.728978538513183594e+01,-2.131553411483764648e+00
1.415942478179931641e+01,9.937331199645996094e+00
1.403221511840820312e+01,-4.994627475738525391e+00
1.328650951385498047e+01,-5.691568374633789062e+00
-3.054190158843994141e+00,-5.174186229705810547e+00
1.438125514984130859e+01,-5.228470802307128906e+00
1.551944732666015625e+01,-2.458600521087646484e+00
1.335855197906494141e+01,-5.611609458923339844e+00
8.525219917297363281e+00,1.137743663787841797e+01
1.572179412841796875e+01,-4.895293712615966797e+00
8.494681358337402344e+00,1.060670185089111328e+01
1.491914558410644531e+01,-4.996760845184326172e+00
1.065582561492919922e+01,9.736241340637207031e+00
-9.452685117721557617e-01,-3.413153588771820068e-01
-7.612715721130371094e+00,1.266151237487792969e+01
-1.039565205574035645e-01,5.592686533927917480e-01
-7.698855400085449219e+00,1.303232288360595703e+01
1.004644870758056641e+01,9.082417488098144531e+00
-1.993269324302673340e+00,-2.544527053833007812e+00
-9.364421963691711426e-01,-7.755381464958190918e-01
9.059476852416992188e+00,9.990821838378906250e+00
1.349722290039062500e+01,-5.563257217407226562e+00
8.799010276794433594e+00,9.144010543823242188e+00
9.105294227600097656e+00,9.461846351623535156e+00
-5.148198008537292480e-01,1.282915592193603516e+00
1.565421104431152344e+01,-4.905965805053710938e+00
-2.863304138183593750e+00,-5.114826202392578125e+00
-7.772402763366699219e-01,1.105621933937072754e+00
9.388278961181640625e+00,9.584362983703613281e+00
1.290500402450561523e+00,1.840187072753906250e+01
-6.421255469322204590e-01,-5.434656739234924316e-01
1.516874313354492188e+00,7.634533047676086426e-01
8.614199638366699219e+00,1.141408157348632812e+01
1.475325965881347656e+01,-3.726658821105957031e+00
-3.049332857131958008e+00,-4.890957355499267578e+00
1.705275154113769531e+01,-1.691070199012756348e+00
-2.277508735656738281e+00,-2.756355524063110352e+00
1.568219375610351562e+01,-4.967897415161132812e+00
-5.599279999732971191e-01,1.121968865394592285e+00
-2.698770284652709961e+00,-1.077425956726074219e+00
-6.814175128936767578e+00,1.278554248809814453e+01
1.565571212768554688e+01,-3.893434524536132812e+00
1.423863315582275391e+01,-5.116176605224609375e+00
1.323356533050537109e+01,-5.730750083923339844e+00
1.565218925476074219e+01,-3.097280740737915039e+00
8.694593429565429688e+00,1.078628063201904297e+01
-2.039788246154785156e+00,-2.356060504913330078e+00
-1.018743634223937988e+00,-2.071374654769897461e+00
8.366955757141113281e+00,9.556373596191406250e+00
-6.729943752288818359e+00,1.211511230468750000e+01
1.460910701751708984e+01,-4.146830558776855469e+00
1.707533645629882812e+01,-1.128242373466491699e+00
-2.926138639450073242e+00,-5.407169818878173828e+00
-7.453614711761474609e+00,1.161514186859130859e+01
1.558064556121826172e+01,-3.842929363250732422e+00
-1.078501224517822266e+00,-6.728094220161437988e-01
-7.256860733032226562e+00,1.325246429443359375e+01
-2.039631128311157227e+00,-2.648282766342163086e+00
8.295226097106933594e+00,1.025705242156982422e+01
1.482134056091308594e+01,-5.285820484161376953e+00
1.099357795715332031e+01,1.054786300659179688e+01
1.584712982177734375e+01,-3.378725290298461914e+00
1.300541973114013672e+01,-5.923943042755126953e+00
1.507119941711425781e+01,-4.227711200714111328e+00
-8.191382408142089844e+00,1.269374561309814453e+01
1.513178539276123047e+01,-4.280027389526367188e+00
1.047176551818847656e+01,1.052587890625000000e+01
-2.540471076965332031e+00,-1.164046168327331543e+00
-1.008704900741577148e+00,-5.882066488265991211e-01
9.846522331237792969e+00,9.953006744384765625e+00
1.707665061950683594e+01,-2.193635940551757812e+00
-4.917228221893310547e-01,1.147213101387023926e+00
-2.249464035034179688e+00,-1.829909563064575195e+00
-1.390138864517211914e+00,-1.024642825126647949e+00
1.651654434204101562e+01,-3.593620777130126953e+00
-9.327356815338134766e-01,7.343604564666748047e-01
-3.459993362426757812e+00,-5.232640743255615234e+00
1.704510879516601562e+01,-3.407201528549194336e+00
-6.823948860168457031e+00,1.297808265686035156e+01
-2.987290859222412109e+00,-4.797759532928466797e+00
1.694379997253417969e+01,-1.019680857658386230e+00
-4.371028244495391846e-01,9.313593506813049316e-01
-1.068974733352661133e+00,-2.525859355926513672e+00
9.064679145812988281e+00,1.055861282348632812e+01
1.537630653381347656e+01,-4.154693126678466797e+00
-7.996604919433593750e+00,1.243058490753173828e+01
8.595835685729980469e+00,1.118323040008544922e+01
1.056102657318115234e+01,1.022777462005615234e+01
1.432146263122558594e+01,-5.429086685180664062e+00
1.466909217834472656e+01,-5.395088672637939453e+00
1.543158626556396484e+01,-3.271729469299316406e+00
1.529301261901855469e+01,-4.277012348175048828e+00
1.624295806884765625e+01,-2.164502143859863281e+00
8.608037948608398438e+00,9.399665832519531250e+00
-9.665643572807312012e-01,-1.218918323516845703e+00
1.667684936523437500e+01,-1.385435581207275391e+00
1.431263160705566406e+01,-4.887338161468505859e+00
1.432538509368896484e+01,-5.001636505126953125e+00
1.556195831298828125e+01,-2.534840822219848633e+00
1.383206081390380859e+01,-4.992614269256591797e+00
-1.542986035346984863e+00,-3.136136531829833984e+00
8.627366065979003906e+00,9.479010581970214844e+00
1.410302352905273438e+01,-4.865713596343994141e+00
-6.711523532867431641e+00,1.240967178344726562e+01
1.443899917602539062e+01,1.002306556701660156e+01
-4.761946201324462891e-01,1.226155042648315430e+00
8.467893600463867188e+00,1.124229431152343750e+01
-2.445121854543685913e-01,1.734431648254394531e+01
1.469353866577148438e+01,-5.124626636505126953e+00
-2.077822446823120117e+00,-2.236005306243896484e+00
1.550963115692138672e+01,-2.497059345245361328e+00
-6.642606735229492188e+00,1.257048225402832031e+01
-2.958397865295410156e-01,1.729328918457031250e+01
-1.079146623611450195e+00,-2.507036209106445312e+00
1.723020362854003906e+01,-2.387794971466064453e+00
-6.963370800018310547e+00,1.241303920745849609e+01
1.704092979431152344e+01,-3.609572887420654297e+00
-2.810517787933349609e+00,-5.450006008148193359e+00
9.070182800292968750e+00,1.052588081359863281e+01
-8.125399589538574219e+00,1.210023689270019531e+01
9.570888519287109375e+00,1.090033817291259766e+01
1.010697078704833984e+01,9.149917602539062500e+00
1.577004432678222656e+01,-4.030204296112060547e+00
-9.313009977340698242e-01,1.109971404075622559e+00
1.685431289672851562e+01,-3.584492444992065430e+00
-4.363131821155548096e-01,7.391623854637145996e-01
1.526124954223632812e+01,-4.095867156982421875e+00
1.690798377990722656e+01,-3.815179586410522461e+00
1.480254173278808594e+01,-4.255846023559570312e+00
1.330010032653808594e+01,-5.676548957824707031e+00
1.644966506958007812e+01,-3.502565860748291016e+00
1.582583427429199219e+01,-3.737499475479125977e+00
-2.749650239944458008e+00,-1.070198774337768555e+00
1.646364784240722656e+01,-2.814084768295288086e+00
1.737608528137207031e+01,-2.056785345077514648e+00
1.311431407928466797e+01,-5.834455013275146484e+00
1.636501502990722656e+01,-2.331699371337890625e+00
1.543554306030273438e+01,-4.058373451232910156e+00
-7.079167842864990234e+00,1.177787208557128906e+01
-7.539099216461181641e+00,1.253014850616455078e+01
1.565646266937255859e+01,-3.801215171813964844e+00
8.468066215515136719e+00,9.843769073486328125e+00
8.497094154357910156e+00,1.058462524414062500e+01
-8.817984461784362793e-01,1.151914954185485840e+00
8.775995254516601562e+00,1.075478839874267578e+01
8.970050811767578125e+00,9.677280426025390625e+00
-5.338044166564941406e-01,7.871595621109008789e-01
2.019574165344238281e+00,9.649422764778137207e-01
-3.524292945861816406e+00,-5.041604518890380859e+00
-8.884102106094360352e-01,-9.312610030174255371e-01
9.465209007263183594e+00,9.208124160766601562e+00
1.670269966125488281e+01,-3.753527879714965820e+00
1.544383239746093750e+01,-2.554584503173828125e+00
1.348237609863281250e+01,-5.509388446807861328e+00
1.699995613098144531e+01,-1.818950057029724121e+00
1.097405529022216797e+01,1.051931190490722656e+01
-1.353937983512878418e+00,-9.494462013244628906e-01
-6.666460990905761719e+00,1.232118034362792969e+01
-8.257318496704101562e+00,1.194678878784179688e+01
-9.455131888389587402e-01,6.750916242599487305e-01
1.543973255157470703e+01,-4.884427547454833984e+00
1.702081108093261719e+01,-3.410028219223022461e+00
8.798358917236328125e+00,9.044122695922851562e+00
1.721601867675781250e+01,-2.096729516983032227e+00
1.061419868469238281e+01,9.872243881225585938e+00
1.443034934997558594e+01,1.009623813629150391e+01
1.440010166168212891e+01,-4.398236274719238281e+00
8.948267936706542969e+00,1.004698848724365234e+01
1.102687835693359375e+01,1.053132915496826172e+01
-1.011770486831665039e+00,4.069103896617889404e-01
1.129869365692138672e+01,1.019225788116455078e+01
8.955607414245605469e+00,9.604039192199707031e+00
-7.457865715026855469e+00,1.264037418365478516e+01
1.489163112640380859e+01,-4.270496845245361328e+00
1.469728469848632812e+01,1.006168842315673828e+01
-3.272430002689361572e-01,7.620418667793273926e-01
-3.383280992507934570e+00,-4.758268356323242188e+00
9.357594490051269531e+00,1.110429573059082031e+01
-1.009407520294189453e+00,5.901639461517333984e-01
-8.203472137451171875e+00,1.199066543579101562e+01
-6.759507179260253906e+00,1.292610836029052734e+01
-7.078669548034667969e+00,1.169578456878662109e+01
9.973223686218261719e+00,1.019082355499267578e+01
-1.696977972984313965e+00,-2.484643459320068359e+00
1.851443409919738770e+00,8.578161001205444336e-01
9.248892784118652344e+00,1.125003051757812500e+01
1.593869590759277344e+01,-3.357893466949462891e+00
1.650381851196289062e+01,-2.503435611724853516e+00
-2.861113071441650391e+00,-5.501662731170654297e+00
-2.220424890518188477e+00,-2.091277837753295898e+00
1.732641410827636719e+01,-2.011981725692749023e+00
1.636572647094726562e+01,-2.651311159133911133e+00
-1.030764341354370117e+00,-2.178596496582031250e+00
1.805846691131591797e+00,8.359253406524658203e-01
-7.791407108306884766e+00,1.227872467041015625e+01
-3.025701761245727539e+00,-4.679079532623291016e+00
1.414913177490234375e+01,-4.628622055053710938e+00
-3.651769638061523438e+00,-5.113080978393554688e+00
-7.398067951202392578e+00,1.317171192169189453e+01
-7.119371891021728516e+00,1.322378730773925781e+01
8.710728645324707031e+00,9.116582870483398438e+00
-1.066285490989685059e+00,-7.088018059730529785e-01
1.698244476318359375e+01,-1.355337262153625488e+00
1.488398170471191406e+01,-4.005373001098632812e+00
1.053699970245361328e+01,1.011188220977783203e+01
-6.738677620887756348e-01,1.269130468368530273e+00
1.307169151306152344e+01,-5.865734100341796875e+00
-2.720499992370605469e+00,-1.099741339683532715e+00
1.711238098144531250e+01,-9.177951216697692871e-01
1.649317169189453125e+01,-2.765718936920166016e+00
-2.759245395660400391e+00,-1.010518431663513184e+00
8.255942344665527344e+00,9.752184867858886719e+00
1.454454803466796875e+01,-4.408030509948730469e+00
1.134401416778564453e+01,1.018211269378662109e+01
-2.361041307449340820e-01,1.735403633117675781e+01
1.102365398406982422e+01,1.056906795501708984e+01
1.728119277954101562e+01,-7.589800953865051270e-01
-7.987219095230102539e-01,1.227533340454101562e+00
1.362178611755371094e+01,-5.461577892303466797e+00
1.391819477081298828e+01,-5.103820800781250000e+00
1.646342086791992188e+01,-2.542891502380371094e+00
1.016200351715087891e+01,9.097842216491699219e+00
-4.745972156524658203e-01,1.301831841468811035e+00
-7.039163112640380859e+00,1.187413883209228516e+01
-6.362458467483520508e-01,1.230812907218933105e+00
-6.701717376708984375e-01,9.982849359512329102e-01
-1.611521244049072266e+00,-3.100238323211669922e+00
1.341761779785156250e+01,-5.573879241943359375e+00
9.470874786376953125e+00,9.672201156616210938e+00
1.427572345733642578e+01,-5.510447025299072266e+00
-1.463483810424804688e+00,-1.973152041435241699e+00
-7.891091346740722656e+00,1.235935974121093750e+01
-1.982899427413940430e+00,-2.395473003387451172e+00
9.101079940795898438e+00,1.084107208251953125e+01
1.065199470520019531e+01,9.922802925109863281e+00
1.420882415771484375e+01,-5.012005329132080078e+00
-8.248528480529785156e+00,1.245649051666259766e+01
1.451557922363281250e+01,1.013957023620605469e+01
-7.556585311889648438e+00,1.240491485595703125e+01
1.680747413635253906e+01,-3.496172189712524414e+00
1.542473316192626953e+01,-4.583839893341064453e+00
-6.718100070953369141e+00,1.293139553070068359e+01
1.056546401977539062e+01,9.900117874145507812e+00
-1.926336050033569336e+00,-2.687279462814331055e+00
1.560212993621826172e+01,-2.395658254623413086e+00
-8.123195648193359375e+00,1.221649932861328125e+01
1.720034217834472656e+01,-2.334612607955932617e+00
-8.075253963470458984e-01,7.873691916465759277e-01
1.474462223052978516e+01,-4.158276081085205078e+00
1.329918193817138672e+01,-5.643501758575439453e+00
1.053142356872558594e+01,9.508636474609375000e+00
1.998758912086486816e+00,9.474084973335266113e-01
9.056472778320312500e+00,1.053629398345947266e+01
1.651879119873046875e+01,-2.504446744918823242e+00
1.413927841186523438e+01,-4.933176517486572266e+00
-5.788797140121459961e-01,1.100677132606506348e+00
9.205133438110351562e+00,9.071663856506347656e+00
1.057991123199462891e+01,9.723456382751464844e+00
1.722907066345214844e+01,-2.080120801925659180e+00
9.265976905822753906e+00,9.583997726440429688e+00
1.730281257629394531e+01,-2.002395153045654297e+00
-1.819449424743652344e+00,-2.230769634246826172e+00
-1.061541914939880371e+00,-2.273151159286499023e+00
-3.539086341857910156e+00,-5.104002475738525391e+00
1.703275108337402344e+01,-7.775813937187194824e-01
1.648490905761718750e+01,-2.984805345535278320e+00
1.728921508789062500e+01,-7.097362279891967773e-01
-2.396145164966583252e-01,1.734991455078125000e+01
-5.322275757789611816e-01,1.343300700187683105e+00
-7.896182060241699219e+00,1.237021446228027344e+01
-6.306632161140441895e-01,1.258013486862182617e+00
1.563358783721923828e+01,-4.703947544097900391e+00
-2.907416105270385742e+00,-5.464066982269287109e+00
8.642480850219726562e+00,1.098173236846923828e+01
-6.985669612884521484e+00,1.184224510192871094e+01
9.136992454528808594e+00,9.299951553344726562e+00
-2.687415838241577148e+00,-1.084924340248107910e+00
-7.049139976501464844e+00,1.313968849182128906e+01
-3.783954381942749023e+00,-5.115645885467529297e+00
-1.113949656486511230e+00,-1.434376835823059082e+00
1.708006858825683594e+01,-6.744868755340576172e-01
1.706362533569335938e+01,-3.515367031097412109e+00
9.875133514404296875e+00,1.026833343505859375e+01
-2.317784547805786133e+00,-2.719984292984008789e+00
-6.801931858062744141e+00,1.286565303802490234e+01
-7.550600528717041016e+00,1.307147216796875000e+01
-2.709738492965698242e+00,-1.079700231552124023e+00
-3.647693157196044922e+00,-5.219386577606201172e+00
1.683040237426757812e+01,-3.896432638168334961e+00
-6.665572166442871094e+00,1.213735866546630859e+01
1.104077148437500000e+01,1.046304988861083984e+01
1.581392383575439453e+01,-2.633536338806152344e+00
-7.725100994110107422e+00,1.296853065490722656e+01
8.323134422302246094e+00,9.569542884826660156e+00
1.337036800384521484e+01,-5.638424873352050781e+00
-6.725691318511962891e+00,1.202398490905761719e+01
-7.891816616058349609e+00,1.243853855133056641e+01
-9.437615871429443359e-01,-3.742831349372863770e-01
2.036870479583740234e+00,8.979447484016418457e-01
1.103543853759765625e+01,1.048111152648925781e+01
1.695289802551269531e+01,-3.751471996307373047e+00
1.306833934783935547e+01,-5.870406150817871094e+00
-1.258667707443237305e+00,-2.841821670532226562e+00
-1.253951191902160645e+00,-2.431270837783813477e+00
-4.911262094974517822e-01,9.652121663093566895e-01
-1.417122364044189453e+00,-1.825522065162658691e+00
1.460478210449218750e+01,-5.361399650573730469e+00
1.511325263977050781e+01,-5.171283721923828125e+00
-1.016669392585754395e+00,-2.114965915679931641e+00
-7.358212947845458984e+00,1.311857509613037109e+01
9.207538604736328125e+00,1.102584743499755859e+01
-2.173698902130126953e+00,-2.609611988067626953e+00
9.165970802307128906e+00,9.527502059936523438e+00
-2.878916025161743164e+00,-5.472730159759521484e+00
-7.851747989654541016e+00,1.224299049377441406e+01
1.615927505493164062e+01,-3.330113410949707031e+00
1.470369148254394531e+01,1.004466629028320312e+01
-7.977982521057128906e+00,1.234992218017578125e+01
-7.637767314910888672e+00,1.268936538696289062e+01
-1.852867007255554199e+00,-2.677978515625000000e+00
1.601170921325683594e+01,-3.160740852355957031e+00
-1.320392608642578125e+00,-1.284473657608032227e+00
1.101791667938232422e+01,1.046609497070312500e+01
-2.312358617782592773e+00,-3.055599212646484375e+00
-2.155638217926025391e+00,-1.710401773452758789e+00
-6.997150421142578125e+00,1.266180610656738281e+01
8.515376091003417969e+00,1.048856163024902344e+01
1.353755092620849609e+01,-5.533455371856689453e+00
1.145102119445800781e+01,1.014004135131835938e+01
1.261125445365905762e+00,1.837345314025878906e+01
1.601439285278320312e+01,-2.884195566177368164e+00
1.671672058105468750e+01,-2.097361087799072266e+00
-7.061414241790771484e+00,1.255578041076660156e+01
1.393128204345703125e+01,9.926460266113281250e+00
1.043979454040527344e+01,1.011200237274169922e+01
1.084199905395507812e+01,1.051021575927734375e+01
1.644258117675781250e+01,-2.869298219680786133e+00
-2.637143135070800781e+00,-1.109269142150878906e+00
1.004423809051513672e+01,9.805587768554687500e+00
-7.609812736511230469e+00,1.308887958526611328e+01
-7.869302749633789062e+00,1.233310604095458984e+01
-1.414069890975952148e+00,-2.453324556350708008e+00
1.652680015563964844e+01,-2.081823825836181641e+00
-3.137798070907592773e+00,-4.998550891876220703e+00
-6.837819814682006836e-01,1.373180747032165527e+00
1.460523414611816406e+01,1.006564903259277344e+01
-3.033767938613891602e+00,-5.040259838104248047e+00
-2.861475944519042969e+00,-5.165441036224365234e+00
1.466269969940185547e+01,-5.141858577728271484e+00
1.728501319885253906e+01,-2.201312065124511719e+00
-7.071942806243896484e+00,1.212423515319824219e+01
1.442641162872314453e+01,1.013861846923828125e+01
-2.233831644058227539e+00,-1.408099293708801270e+00
1.630540466308593750e+01,-4.112223625183105469e+00
-7.765415668487548828e+00,1.215514755249023438e+01
-3.438039064407348633e+00,-5.159703254699707031e+00
-7.030481815338134766e+00,1.177507781982421875e+01
9.217848777770996094e+00,9.502005577087402344e+00
1.680609512329101562e+01,-3.704609870910644531e+00
8.674512863159179688e+00,1.138227176666259766e+01
1.568639564514160156e+01,-3.936115264892578125e+00
-2.860342502593994141e+00,-5.390374183654785156e+00
1.666386413574218750e+01,-2.022154331207275391e+00
-2.299233436584472656e+00,-2.960886001586914062e+00
-7.735424995422363281e+00,1.232803249359130859e+01
-3.731227874755859375e+00,-5.018483638763427734e+00
-1.373456239700317383e+00,-8.629932999610900879e-01
1.016766548156738281e+01,9.091293334960937500e+00
-1.573748469352722168e+00,-1.923494815826416016e+00
8.830595970153808594e+00,9.203682899475097656e+00
-1.899648755788803101e-01,1.740025901794433594e+01
-1.269848942756652832e+00,-2.388268470764160156e+00
8.354255676269531250e+00,9.507372856140136719e+00
-2.791010141372680664e+00,-4.791523933410644531e+00
-1.808816909790039062e+00,-2.421524763107299805e+00
-2.854732513427734375e+00,-5.505899429321289062e+00
1.614927673339843750e+01,-2.485298395156860352e+00
-8.104710578918457031e+00,1.254453849792480469e+01
8.299478530883789062e+00,1.044502162933349609e+01
-3.808085680007934570e+00,-5.106863498687744141e+00
1.712403869628906250e+01,-9.220702052116394043e-01
-1.679303884506225586e+00,-3.060437679290771484e+00
1.643681526184082031e+01,-3.131496667861938477e+00
-1.056739568710327148e+00,-6.873006224632263184e-01
9.611575126647949219e+00,9.256247520446777344e+00
-6.622556209564208984e+00,1.203851032257080078e+01
-2.941022872924804688e+00,-5.433116912841796875e+00
-2.710695981979370117e+00,-1.086513161659240723e+00
9.913805961608886719e+00,1.064484786987304688e+01
-1.279985308647155762e+00,-2.268239974975585938e+00
-7.398508071899414062e+00,1.293800926208496094e+01
-1.913062453269958496e+00,-3.113105535507202148e+00
1.391230773925781250e+01,9.926650047302246094e+00
1.659076690673828125e+01,-2.038484811782836914e+00
-1.495041489601135254e+00,-2.692862272262573242e+00
-1.124919414520263672e+00,-2.667390108108520508e+00
1.730599403381347656e+01,-1.956968188285827637e+00
-8.064424514770507812e+00,1.251701736450195312e+01
-8.139437675476074219e+00,1.195257282257080078e+01
-2.868105173110961914e+00,-4.684942245483398438e+00
-7.898467063903808594e+00,1.241243553161621094e+01
8.928338050842285156e+00,1.139586257934570312e+01
-7.357577681541442871e-01,9.375323653221130371e-01
-2.388514995574951172e+00,-1.289150238037109375e+00
8.997745513916015625e+00,1.024628257751464844e+01
1.622991752624511719e+01,-2.409828186035156250e+00
-6.850041389465332031e+00,1.298569774627685547e+01
9.723736763000488281e+00,9.166209220886230469e+00
-6.921805858612060547e+00,1.182256984710693359e+01
-9.741618037223815918e-01,7.149044871330261230e-01
-2.225141286849975586e+00,-3.232698202133178711e+00
1.729563713073730469e+01,-2.322213649749755859e+00
-1.461645722389221191e+00,-1.887826085090637207e+00
9.861856460571289062e+00,9.508388519287109375e+00
8.448331832885742188e+00,1.040678119659423828e+01
8.358922958374023438e+00,9.607230186462402344e+00
1.960673928260803223e+00,9.204732775688171387e-01
-9.395773410797119141e-01,-1.938617706298828125e+00
1.704762649536132812e+01,-3.431963205337524414e+00
1.587616157531738281e+01,-2.233376502990722656e+00
1.665464019775390625e+01,-1.647173523902893066e+00
-1.464929580688476562e+00,-1.388275146484375000e+00
1.574446487426757812e+01,-3.583612203598022461e+00
-9.755020141601562500e-01,6.076099872589111328e-01
9.720713615417480469e+00,9.025164604187011719e+00
1.056799602508544922e+01,1.036835670471191406e+01
-2.862388610839843750e+00,-4.705806732177734375e+00
1.717497062683105469e+01,-8.417281508445739746e-01
-2.751608490943908691e-01,7.459512352943420410e-01
1.046693515777587891e+01,1.059757137298583984e+01
-4.683395326137542725e-01,4.933269023895263672e-01
9.106323242187500000e+00,9.567397117614746094e+00
-6.633369922637939453e-01,1.303238749504089355e+00
1.664654159545898438e+01,-3.610810995101928711e+00
1.704642105102539062e+01,-3.690835952758789062e+00
-2.774596691131591797e+00,-4.906273365020751953e+00
-7.629003524780273438e+00,1.221845436096191406e+01
-1.326552271842956543e+00,-2.892184972763061523e+00
-2.282222509384155273e+00,-3.087999343872070312e+00
1.472561836242675781e+01,1.004504013061523438e+01
-1.773770213127136230e+00,-2.979934453964233398e+00
-7.766452789306640625e+00,1.265630149841308594e+01
1.412233161926269531e+01,-5.014007091522216797e+00
1.680017471313476562e+01,-3.802249670028686523e+00
8.830851554870605469e+00,9.048143386840820312e+00
-7.058122158050537109e+00,1.226260375976562500e+01
1.423911666870117188e+01,-4.508183479309082031e+00
1.696008491516113281e+01,-1.559000134468078613e+00
1.604879760742187500e+01,-2.624182939529418945e+00
-8.223231315612792969e+00,1.184103202819824219e+01
-1.065415382385253906e+00,-1.435996651649475098e+00
1.433801937103271484e+01,-5.513271808624267578e+00
9.644892692565917969e+00,9.697999954223632812e+00
-1.674795389175415039e+00,-2.995691061019897461e+00
1.727701568603515625e+01,-2.060470342636108398e+00
1.424652099609375000e+01,9.959238052368164062e+00
1.498575973510742188e+01,-4.434366703033447266e+00
1.594500827789306641e+01,-3.801750183105468750e+00
8.924949645996093750e+00,1.102495193481445312e+01
1.562488079071044922e+01,-2.433490991592407227e+00
9.145302772521972656e+00,9.881162643432617188e+00
-1.119085192680358887e+00,-2.449530124664306641e+00
-3.140314579010009766e+00,-5.257200241088867188e+00
-6.662743687629699707e-01,1.275272607803344727e+00
1.068394660949707031e+01,1.019143199920654297e+01
-8.001017570495605469e+00,1.186396598815917969e+01
-2.844388186931610107e-01,1.730533981323242188e+01
-7.785943984985351562e+00,1.222845935821533203e+01
9.056659698486328125e+00,9.500125885009765625e+00
1.725338172912597656e+01,-8.105930685997009277e-01
-3.113008737564086914e+00,-5.410967350006103516e+00
1.702357101440429688e+01,-7.738613486289978027e-01
-7.353771686553955078e+00,1.165748691558837891e+01
1.208632111549377441e+00,1.833130836486816406e+01
-1.652193665504455566e+00,-3.109073638916015625e+00
-5.067833662033081055e-01,1.327731728553771973e+00
1.713458442687988281e+01,-1.733355402946472168e+00
-1.547713875770568848e+00,-1.850320577621459961e+00
9.204594612121582031e+00,9.728160858154296875e+00
-2.808380603790283203e+00,-5.072717189788818359e+00
-2.164835929870605469e+00,-2.288235664367675781e+00
-2.593699216842651367e+00,-4.224382877349853516e+00
-6.717582702636718750e+00,1.279119014739990234e+01
-2.064399868249893188e-01,1.738404083251953125e+01
1.557854747772216797e+01,-4.523288726806640625e+00
1.424359035491943359e+01,9.920113563537597656e+00
9.465563774108886719e+00,9.619022369384765625e+00
1.652474975585937500e+01,-2.974628925323486328e+00
8.504473686218261719e+00,9.314103126525878906e+00
-9.766351580619812012e-01,-1.216561555862426758e+00
-1.203527450561523438e+00,-2.300586938858032227e+00
-2.869740724563598633e+00,-4.561266899108886719e+00
1.707855796813964844e+01,-3.615709304809570312e+00
9.439404487609863281e+00,9.220990180969238281e+00
-3.006026983261108398e+00,-5.454634189605712891e+00
-7.674103736877441406e+00,1.308731937408447266e+01
-2.991472959518432617e+00,-4.702314853668212891e+00
-3.636514902114868164e+00,-5.152238368988037109e+00
8.895920753479003906e+00,9.353441238403320312e+00
1.646489906311035156e+01,-2.920617580413818359e+00
1.573488426208496094e+01,-4.747931480407714844e+00
1.457617664337158203e+01,-4.867790222167968750e+00
1.467737865447998047e+01,-3.819303512573242188e+00
-8.060577392578125000e+00,1.257272148132324219e+01
1.413095378875732422e+01,-4.780965328216552734e+00
9.950901985168457031e+00,9.265394210815429688e+00
8.554928779602050781e+00,9.676639556884765625e+00
-8.000954627990722656e+00,1.195825767517089844e+01
-8.004855155944824219e+00,1.237717819213867188e+01
8.516371726989746094e+00,9.242484092712402344e+00
1.687371253967285156e+01,-1.190749645233154297e+00
1.365424537658691406e+01,-5.346117496490478516e+00
1.677501869201660156e+01,-3.640557289123535156e+00
1.010241031646728516e+01,9.126229286193847656e+00
1.705387115478515625e+01,-1.039202213287353516e+00
1.648492813110351562e+01,-2.168933153152465820e+00
-2.798813104629516602e+00,-4.568778991699218750e+00
1.566150760650634766e+01,-2.742093086242675781e+00
1.704709243774414062e+01,-9.602540731430053711e-01
-7.278214454650878906e+00,1.316801452636718750e+01
-1.913258671760559082e+00,-2.668653249740600586e+00
1.426783561706542969e+01,9.948916435241699219e+00
1.082196998596191406e+01,1.035329437255859375e+01
-2.250579833984375000e+00,-2.379209518432617188e+00
8.661806106567382812e+00,9.889357566833496094e+00
1.492809200286865234e+01,-4.429931640625000000e+00
8.543598175048828125e+00,1.132061958312988281e+01
1.418061923980712891e+01,-4.552521228790283203e+00
1.011226558685302734e+01,9.467587471008300781e+00
1.662794113159179688e+01,-1.598421096801757812e+00
1.045533752441406250e+01,9.347340583801269531e+00
1.719923400878906250e+01,-1.032549500465393066e+00
-1.847626686096191406e+00,-3.033454656600952148e+00
-6.790312290191650391e+00,1.301440715789794922e+01
-1.906236767768859863e+00,-2.814325809478759766e+00
1.612029838562011719e+01,-2.984012603759765625e+00
1.620549774169921875e+01,-3.354514360427856445e+00
-9.781568646430969238e-01,1.065177202224731445e+00
-1.036611080169677734e+00,-1.951669573783874512e+00
1.058838367462158203e+01,1.030894660949707031e+01
-1.077784180641174316e+00,-7.309893369674682617e-01
-1.033399462699890137e+00,-6.363070011138916016e-01
1.110792446136474609e+01,1.044087409973144531e+01
1.974500775337219238e+00,9.178853631019592285e-01
-3.340215206146240234e+00,-5.149815082550048828e+00
1.036315822601318359e+01,9.283452033996582031e+00
8.752670288085937500e+00,1.047240638732910156e+01
1.306148338317871094e+01,-5.876930713653564453e+00
1.421136665344238281e+01,-5.474000930786132812e+00
1.687077522277832031e+00,8.181051015853881836e-01
1.981019973754882812e+00,9.336838722229003906e-01
1.225256681442260742e+00,1.834997558593750000e+01
1.055370712280273438e+01,1.004883384704589844e+01
1.544615936279296875e+01,-2.503437042236328125e+00
-1.005995273590087891e+00,6.152359843254089355e-01
-3.165441036224365234e+00,-5.327958106994628906e+00
-7.579951286315917969e-01,1.245923042297363281e+00
-8.031755447387695312e+00,1.183517360687255859e+01
-1.171433448791503906e+00,-2.317370176315307617e+00
1.676549339294433594e+01,-1.223994135856628418e+00
1.722964477539062500e+01,-3.661941885948181152e-01
1.717098236083984375e+01,-1.861253738403320312e+00
-6.935601711273193359e+00,1.290895080566406250e+01
-1.641643404960632324e+00,-1.454771399497985840e+00
1.092149829864501953e+01,1.023662185668945312e+01
-7.169159412384033203e+00,1.316367721557617188e+01
1.486565494537353516e+01,-4.733552932739257812e+00
-1.937134623527526855e+00,-2.697337627410888672e+00
-8.260617256164550781e+00,1.239282512664794922e+01
1.489038848876953125e+01,-4.787791252136230469e+00
-8.007972717285156250e+00,1.184395503997802734e+01
8.707015991210937500e+00,1.029269123077392578e+01
8.537330627441406250e+00,1.061774921417236328e+01
-2.273364514112472534e-01,1.736279106140136719e+01
1.572043800354003906e+01,-4.594623088836669922e+00
-2.504913210868835449e-01,1.733820533752441406e+01
9.371650695800781250e+00,1.120919418334960938e+01
-1.076166033744812012e+00,5.535094141960144043e-01
1.020899486541748047e+01,9.460756301879882812e+00
-3.379849433898925781e+00,-4.603503227233886719e+00
-2.727507114410400391e+00,-1.052864670753479004e+00
-6.753193855285644531e+00,1.216526985168457031e+01
1.480321979522705078e+01,-4.632469177246093750e+00
-1.577031135559082031e+00,-2.705253839492797852e+00
1.572078990936279297e+01,-4.592798233032226562e+00
1.671832084655761719e+01,-1.320841670036315918e+00
-8.109862804412841797e-01,1.104092150926589966e-01
1.657403945922851562e+01,-3.517770767211914062e+00
-1.241521835327148438e+00,-1.187096834182739258e+00
-3.738436460494995117e+00,-5.219059944152832031e+00
1.044954967498779297e+01,1.043195819854736328e+01
9.526430130004882812e+00,9.398547172546386719e+00
-9.475615024566650391e-01,-1.629730820655822754e+00
1.469611549377441406e+01,-3.815523862838745117e+00
8.549646377563476562e+00,1.126122951507568359e+01
1.107098770141601562e+01,1.045409870147705078e+01
-9.078379273414611816e-01,6.942093968391418457e-01
1.572973632812500000e+01,-3.520381689071655273e+00
-2.119593858718872070e+00,-1.095788121223449707e+00
-3.100001096725463867e+00,-5.404574394226074219e+00
8.437418937683105469e+00,1.104439449310302734e+01
1.051301288604736328e+01,9.506694793701171875e+00
-4.805043339729309082e-01,1.117826700210571289e+00
1.208589434623718262e+00,1.833130264282226562e+01
9.883883476257324219e+00,1.004771423339843750e+01
1.609817504882812500e+01,-2.649815320968627930e+00
-1.834895253181457520e+00,-2.348165750503540039e+00
-7.977072000503540039e-01,1.277607798576354980e+00
-6.792103290557861328e+00,1.281074047088623047e+01
-9.754366874694824219e-01,6.774554848670959473e-01
-8.629770874977111816e-01,-1.393102526664733887e+00
9.531449317932128906e+00,9.648793220520019531e+00
-2.774314641952514648e+00,-5.276952266693115234e+00
1.000541877746582031e+01,9.638790130615234375e+00
-2.257742166519165039e+00,-2.933701992034912109e+00
1.534144687652587891e+01,-4.072760105133056641e+00
8.842811584472656250e+00,1.136999416351318359e+01
-9.093134999275207520e-01,-1.430788159370422363e+00
8.621016502380371094e+00,1.134257125854492188e+01
1.545923614501953125e+01,-4.074186325073242188e+00
1.644121360778808594e+01,-3.048358917236328125e+00
9.475726127624511719e+00,1.114140796661376953e+01
1.622752380371093750e+01,-3.632876873016357422e+00
-6.653075218200683594e+00,1.245171165466308594e+01
1.435887336730957031e+01,-4.562440395355224609e+00
8.444699287414550781e+00,1.120381832122802734e+01
-2.697386741638183594e-01,7.873448133468627930e-01
-2.295648336410522461e+00,-1.967268705368041992e+00
1.661467742919921875e+01,-1.642493844032287598e+00
-7.464091300964355469e+00,1.319503021240234375e+01
1.682113838195800781e+01,-3.384220123291015625e+00
-8.552592396736145020e-01,-2.536894798278808594e+00
1.480364990234375000e+01,-4.721801757812500000e+00
1.569407749176025391e+01,-4.133023262023925781e+00
-1.191482782363891602e+00,-2.750138521194458008e+00
1.717885208129882812e+01,-5.958660840988159180e-01
1.978481411933898926e+00,9.324060678482055664e-01
-2.806536197662353516e+00,-5.400635242462158203e+00
-9.198178052902221680e-01,-1.617344975471496582e+00
-1.371327161788940430e+00,-1.052329063415527344e+00
-4.147843420505523682e-01,-6.499402225017547607e-02
1.521335506439208984e+01,-4.109629631042480469e+00
-1.010936141014099121e+00,-6.363907456398010254e-01
1.693630981445312500e+01,-3.681980609893798828e+00
-7.196796894073486328e+00,1.253168106079101562e+01
-8.081940650939941406e+00,1.190434265136718750e+01
1.723940277099609375e+01,-7.969700098037719727e-01
8.835539817810058594e+00,1.139741325378417969e+01
1.303257369995117188e+01,-5.899465084075927734e+00
8.979411125183105469e+00,1.018788337707519531e+01
-1.132329463958740234e+00,-2.671178579330444336e+00
1.544457530975341797e+01,-4.424903392791748047e+00
1.403891181945800781e+01,9.931277275085449219e+00
-7.582238197326660156e+00,1.276738452911376953e+01
-7.374302864074707031e+00,1.255318737030029297e+01
1.476018333435058594e+01,1.007127571105957031e+01
-3.193624496459960938e+00,-4.886523246765136719e+00
-1.212316155433654785e+00,-2.269533872604370117e+00
1.705439376831054688e+01,-3.464676856994628906e+00
8.395209312438964844e+00,1.116545200347900391e+01
-1.799331307411193848e+00,-2.672990798950195312e+00
-7.577906131744384766e+00,1.279393768310546875e+01
-2.285730123519897461e+00,-2.483093261718750000e+00
1.020521640777587891e+01,1.054926872253417969e+01
1.416910648345947266e+01,-4.962252140045166016e+00
9.928886413574218750e+00,1.014266204833984375e+01
-1.070091247558593750e+00,-2.325611114501953125e+00
-6.532086372375488281e+00,1.246454811096191406e+01
9.346490859985351562e+00,9.137313842773437500e+00
1.486686325073242188e+01,-3.655793190002441406e+00
1.474841117858886719e+01,1.008510398864746094e+01
1.047798156738281250e+01,1.028132152557373047e+01
-7.831585884094238281e+00,1.294940185546875000e+01
1.430277824401855469e+01,9.998255729675292969e+00
1.452776718139648438e+01,1.008039855957031250e+01
1.043838977813720703e+01,9.321011543273925781e+00
8.660432815551757812e+00,1.081069374084472656e+01
8.476387023925781250e+00,9.468038558959960938e+00
-1.092656493186950684e+00,-1.798802495002746582e+00
-6.535659790039062500e+00,1.239142131805419922e+01
1.593657398223876953e+01,-2.211876630783081055e+00
-1.564696192741394043e+00,-1.919775247573852539e+00
1.692334175109863281e+01,-1.207911252975463867e+00
-2.670497655868530273e+00,-1.095313310623168945e+00
-1.175445914268493652e+00,-1.431600332260131836e+00
-8.044591903686523438e+00,1.266460132598876953e+01
9.975897789001464844e+00,9.042493820190429688e+00
-9.143890738487243652e-01,-1.203395843505859375e+00
-2.805679082870483398e+00,-4.464561462402343750e+00
-7.212876319885253906e+00,1.262426662445068359e+01
1.575990581512451172e+01,-2.516222476959228516e+00
1.098619461059570312e+01,1.048208618164062500e+01
-3.413783311843872070e+00,-5.154361724853515625e+00
1.100422859191894531e+01,1.057502746582031250e+01
-7.822898864746093750e+00,1.270515632629394531e+01
-3.171767711639404297e+00,-4.995746135711669922e+00
1.263912916183471680e+00,1.837685394287109375e+01
-3.163042068481445312e+00,-4.776613235473632812e+00
-2.893442869186401367e+00,-5.433516979217529297e+00
1.394545459747314453e+01,-5.174858570098876953e+00
-7.429821014404296875e+00,1.245053577423095703e+01
1.447852325439453125e+01,-4.714670181274414062e+00
