1.402357864379882812e+01,1.316659832000732422e+01,4.131459712982177734e+00
1.494291210174560547e+01,1.403928470611572266e+01,4.487747669219970703e+00
-4.004275321960449219e+00,6.257331848144531250e+00,8.164477348327636719e+00
1.439466953277587891e+01,-5.019775867462158203e+00,3.259869098663330078e+00
1.508679199218750000e+01,-3.992424011230468750e+00,3.163820266723632812e+00
1.473962402343750000e+01,1.300432395935058594e+01,4.794149875640869141e+00
-3.538835287094116211e+00,4.591891288757324219e+00,1.230898189544677734e+01
1.572115612030029297e+01,-3.089903593063354492e+00,4.575075626373291016e+00
-3.569767236709594727e+00,5.920047283172607422e+00,8.481451034545898438e+00
-3.130300998687744141e+00,3.955418586730957031e+00,1.488903427124023438e+01
1.339074611663818359e+01,6.850354194641113281e+00,4.650380611419677734e+00
1.444579601287841797e+01,-5.065766811370849609e+00,3.387152671813964844e+00
-3.332999467849731445e+00,3.922009229660034180e+00,1.514022827148437500e+01
-2.932818651199340820e+00,5.210449695587158203e+00,1.195107841491699219e+01
9.477286934852600098e-01,6.205370426177978516e+00,-3.966868877410888672e+00
-3.033399581909179688e+00,4.857794761657714844e+00,1.183230495452880859e+01
1.339861297607421875e+01,-5.789482116699218750e+00,2.990812063217163086e+00
1.514782619476318359e+01,1.363129043579101562e+01,4.586359977722167969e+00
1.475001621246337891e+01,1.455042362213134766e+01,5.275724887847900391e+00
1.379551410675048828e+01,1.428471565246582031e+01,5.925252914428710938e+00
1.614786982536315918e-01,7.264832973480224609e+00,-4.173600673675537109e+00
1.370788192749023438e+01,1.384207630157470703e+01,4.739215373992919922e+00
1.344134330749511719e+01,-5.771656990051269531e+00,2.984058141708374023e+00
1.427624511718750000e+01,1.416170597076416016e+01,4.516690254211425781e+00
-3.070080041885375977e+00,4.337954998016357422e+00,1.487398910522460938e+01
1.503876018524169922e+01,-1.620025753974914551e+00,3.576511859893798828e+00
1.497120761871337891e+01,-1.689341664314270020e-01,5.072552680969238281e+00
1.543782329559326172e+01,-3.198657035827636719e+00,3.325180053710937500e+00
1.463851833343505859e+01,1.457783126831054688e+01,5.437587738037109375e+00
-1.604480147361755371e+00,6.853292465209960938e+00,8.202831268310546875e+00
-1.553527951240539551e+00,6.903428554534912109e+00,8.156272888183593750e+00
-3.701211929321289062e+00,4.246985912322998047e+00,1.484775543212890625e+01
-3.244956731796264648e+00,5.237951755523681641e+00,1.113617897033691406e+01
1.549820518493652344e+01,1.446777629852294922e+01,4.525052070617675781e+00
1.395924949645996094e+01,1.410982513427734375e+01,5.937599182128906250e+00
-3.371663808822631836e+00,4.926040649414062500e+00,1.300152397155761719e+01
1.455110073089599609e+01,1.426197052001953125e+01,4.625827789306640625e+00
1.447772598266601562e+01,-4.998640060424804688e+00,3.376021623611450195e+00
1.474292087554931641e+01,1.387883663177490234e+01,5.117184638977050781e+00
-2.460407279431819916e-02,6.799872398376464844e+00,-4.270092487335205078e+00
1.364269351959228516e+01,6.985887050628662109e+00,4.440570831298828125e+00
1.530098438262939453e+01,1.417942142486572266e+01,5.145874977111816406e+00
1.501812076568603516e+01,-1.597162187099456787e-01,5.172878265380859375e+00
1.387625885009765625e+01,1.428199195861816406e+01,5.163220882415771484e+00
1.487081718444824219e+01,1.612348109483718872e-02,5.065727710723876953e+00
-3.756734848022460938e+00,5.133865833282470703e+00,1.036034774780273438e+01
-3.185322046279907227e+00,5.215861320495605469e+00,1.141198158264160156e+01
-3.662767648696899414e+00,4.948799610137939453e+00,1.109370231628417969e+01
1.467420005798339844e+01,-4.781424522399902344e+00,3.342426061630249023e+00
1.360364913940429688e+01,1.392919635772705078e+01,4.931865215301513672e+00
-3.520131349563598633e+00,4.957948684692382812e+00,1.298235988616943359e+01
2.158038914203643799e-01,7.163149833679199219e+00,-3.666058301925659180e+00
1.471016788482666016e+01,1.302024269104003906e+01,4.703993797302246094e+00
-3.362122058868408203e+00,4.398988723754882812e+00,1.534862995147705078e+01
-3.060129165649414062e+00,4.948476314544677734e+00,1.120850181579589844e+01
1.497062301635742188e+01,-2.469392061233520508e+00,4.181038856506347656e+00
-3.543812513351440430e+00,6.152881145477294922e+00,8.528782844543457031e+00
1.472067356109619141e+01,1.296842384338378906e+01,4.802127838134765625e+00
-2.962178230285644531e+00,4.835699081420898438e+00,1.227200794219970703e+01
-3.151468038558959961e+00,4.181955337524414062e+00,1.559464454650878906e+01
9.485873579978942871e-01,6.408508300781250000e+00,-3.848653316497802734e+00
1.529090404510498047e+01,1.390999889373779297e+01,4.365300655364990234e+00
3.082293570041656494e-01,6.239732742309570312e+00,-4.207555294036865234e+00
-3.695061445236206055e+00,5.099131584167480469e+00,1.093541431427001953e+01
-3.375908851623535156e+00,5.038998126983642578e+00,1.253069019317626953e+01
1.431121921539306641e+01,-4.210712909698486328e+00,3.010003566741943359e+00
1.425120162963867188e+01,1.333308124542236328e+01,3.907019615173339844e+00
1.535553836822509766e+01,1.432679462432861328e+01,4.612615585327148438e+00
1.369185161590576172e+01,1.428984737396240234e+01,5.833056926727294922e+00
3.087767958641052246e-01,5.927891254425048828e+00,-3.910516262054443359e+00
1.485829257965087891e+01,-3.950806856155395508e-01,4.770128726959228516e+00
-3.571204900741577148e+00,4.680139064788818359e+00,1.213180351257324219e+01
1.481476116180419922e+01,1.133090034127235413e-01,5.046642303466796875e+00
1.506881237030029297e+01,-1.993309736251831055e+00,3.461731672286987305e+00
1.425984573364257812e+01,-4.881058692932128906e+00,2.829433679580688477e+00
1.483846473693847656e+01,1.391409587860107422e+01,4.084463596343994141e+00
1.441664791107177734e+01,-4.875368595123291016e+00,2.921475410461425781e+00
-3.508208274841308594e+00,5.060314178466796875e+00,1.068885040283203125e+01
-2.065984755754470825e-01,6.965317726135253906e+00,-4.512126922607421875e+00
-4.644968986511230469e+00,4.000743865966796875e+00,1.144216060638427734e+01
-2.763651609420776367e+00,5.333943843841552734e+00,1.184590053558349609e+01
1.530478477478027344e+01,-1.248621463775634766e+00,4.635903835296630859e+00
1.543900203704833984e+01,1.439073562622070312e+01,4.376279354095458984e+00
1.550805950164794922e+01,-3.186997175216674805e+00,3.327180862426757812e+00
1.459341049194335938e+01,1.456856250762939453e+01,5.443461418151855469e+00
1.497904872894287109e+01,-4.159967422485351562e+00,3.056039333343505859e+00
-3.555283069610595703e+00,6.095392704010009766e+00,8.486309051513671875e+00
1.385371398925781250e+01,-5.354329109191894531e+00,3.011055231094360352e+00
1.536816406250000000e+01,1.438550090789794922e+01,5.013030529022216797e+00
-3.366468429565429688e+00,4.829336643218994141e+00,1.278304004669189453e+01
-3.736276388168334961e+00,6.355471611022949219e+00,8.469411849975585938e+00
-3.560136079788208008e+00,4.282483577728271484e+00,1.500851535797119141e+01
1.525759887695312500e+01,1.372011947631835938e+01,4.627124786376953125e+00
-2.941897392272949219e+00,4.205168247222900391e+00,1.467541503906250000e+01
1.494805145263671875e+01,1.445934295654296875e+01,5.276577472686767578e+00
1.470674324035644531e+01,1.393634796142578125e+01,3.656221628189086914e+00
1.440927028656005859e+01,1.424695968627929688e+01,4.687893867492675781e+00
1.588471698760986328e+01,-2.600077867507934570e+00,4.782618045806884766e+00
-2.622700452804565430e+00,4.906282424926757812e+00,1.219773292541503906e+01
1.424975585937500000e+01,-4.858088970184326172e+00,2.705969333648681641e+00
-1.555272102355957031e+00,6.892148971557617188e+00,8.165679931640625000e+00
5.707648992538452148e-01,6.703842163085937500e+00,-3.768073320388793945e+00
-3.358024358749389648e+00,4.295781135559082031e+00,1.535437011718750000e+01
-3.604276657104492188e+00,4.935434818267822266e+00,1.125163173675537109e+01
-5.226015090942382812e+00,6.664194583892822266e+00,3.654184579849243164e+00
1.399244117736816406e+01,-5.045821189880371094e+00,2.727073669433593750e+00
-4.617569923400878906e+00,4.027845859527587891e+00,1.140286731719970703e+01
-3.388971328735351562e+00,4.227341651916503906e+00,1.539960861206054688e+01
2.459805309772491455e-01,7.099080562591552734e+00,-4.156938076019287109e+00
7.695941627025604248e-02,6.979533672332763672e+00,-4.252032756805419922e+00
1.351331615447998047e+01,1.413286209106445312e+01,5.589904785156250000e+00
2.787040174007415771e-01,7.030840873718261719e+00,-4.151918411254882812e+00
-2.083625644445419312e-01,6.761049747467041016e+00,-4.447203159332275391e+00
1.492190742492675781e+01,1.452850914001464844e+01,5.008712291717529297e+00
1.524898433685302734e+01,1.406618499755859375e+01,4.730831623077392578e+00
1.388216018676757812e+01,1.407961654663085938e+01,4.782500743865966797e+00
3.404194116592407227e-01,6.173047542572021484e+00,-4.049694538116455078e+00
-3.780979394912719727e+00,6.234982490539550781e+00,8.588345527648925781e+00
1.551047039031982422e+01,-1.425281524658203125e+00,5.044444084167480469e+00
-3.235136270523071289e+00,4.028380393981933594e+00,1.566951370239257812e+01
-3.475373744964599609e+00,5.216042518615722656e+00,1.045538616180419922e+01
1.524315452575683594e+01,1.415751171112060547e+01,4.660805225372314453e+00
1.476338958740234375e+01,1.383837509155273438e+01,4.385563850402832031e+00
1.358756351470947266e+01,7.016180515289306641e+00,4.504575252532958984e+00
-3.755783081054687500e+00,6.026789188385009766e+00,8.316564559936523438e+00
-3.118926048278808594e+00,3.856940507888793945e+00,1.584638786315917969e+01
-3.071674823760986328e+00,4.965654850006103516e+00,1.125315761566162109e+01
-3.208841085433959961e+00,3.816650390625000000e+00,1.587341785430908203e+01
1.555448627471923828e+01,-2.242320060729980469e+00,3.857925176620483398e+00
1.456387329101562500e+01,1.310213470458984375e+01,4.460782527923583984e+00
1.380776309967041016e+01,1.421227169036865234e+01,5.979008674621582031e+00
1.382197761535644531e+01,7.069851875305175781e+00,4.281998634338378906e+00
1.551250743865966797e+01,1.453073978424072266e+01,4.762457847595214844e+00
1.534519195556640625e+01,-1.683783292770385742e+00,4.204576015472412109e+00
1.443601703643798828e+01,-3.682816505432128906e+00,2.931573390960693359e+00
1.362074565887451172e+01,1.404552459716796875e+01,5.379364967346191406e+00
-3.254008531570434570e+00,4.689230918884277344e+00,1.248516750335693359e+01
-3.178951263427734375e+00,4.441431999206542969e+00,1.501790142059326172e+01
-5.188363075256347656e+00,6.626595497131347656e+00,3.692715167999267578e+00
-1.694819927215576172e+00,6.822554588317871094e+00,8.229846000671386719e+00
1.544283294677734375e+01,1.440900897979736328e+01,4.293887138366699219e+00
-3.570194721221923828e+00,5.955752372741699219e+00,8.516061782836914062e+00
1.360377216339111328e+01,6.972754478454589844e+00,4.479881763458251953e+00
6.380613446235656738e-01,5.829934120178222656e+00,-3.664307117462158203e+00
-2.998535871505737305e+00,4.101581096649169922e+00,1.473614311218261719e+01
1.471933555603027344e+01,1.397616767883300781e+01,3.710891008377075195e+00
1.509137058258056641e+01,-7.174502611160278320e-01,4.880427360534667969e+00
8.242782354354858398e-01,6.291137695312500000e+00,-3.891537904739379883e+00
1.528531455993652344e+01,1.415262699127197266e+01,4.796957492828369141e+00
-9.551592171192169189e-02,6.902023792266845703e+00,-4.444051742553710938e+00
1.563267135620117188e+01,-2.651552438735961914e+00,3.875456094741821289e+00
1.406432723999023438e+01,-4.987236976623535156e+00,2.741006374359130859e+00
1.462218666076660156e+01,1.407298755645751953e+01,3.707961320877075195e+00
1.525764369964599609e+01,1.386167144775390625e+01,4.950818538665771484e+00
2.689478993415832520e-01,6.512535095214843750e+00,-3.962970018386840820e+00
-3.180248498916625977e+00,3.951382398605346680e+00,1.572051048278808594e+01
-3.672509670257568359e+00,4.781401634216308594e+00,1.161775398254394531e+01
1.575412368774414062e+01,-2.840567111968994141e+00,4.686396598815917969e+00
1.548005962371826172e+01,-3.175097703933715820e+00,4.211875438690185547e+00
1.635299772024154663e-01,7.211555004119873047e+00,-4.233809947967529297e+00
5.246613621711730957e-01,6.759692192077636719e+00,-3.680647373199462891e+00
1.426164627075195312e+01,-4.686347007751464844e+00,2.648996829986572266e+00
-1.512455940246582031e-01,6.137723922729492188e+00,-4.082272052764892578e+00
-3.095708489418029785e-01,6.557883262634277344e+00,-4.211818695068359375e+00
1.364301300048828125e+01,7.059834003448486328e+00,4.443918704986572266e+00
-3.723164796829223633e+00,5.104360580444335938e+00,1.043375492095947266e+01
1.482241249084472656e+01,-1.758102059364318848e+00,3.393573760986328125e+00
1.466443443298339844e+01,1.390375041961669922e+01,3.615178585052490234e+00
-3.740792989730834961e+00,5.264921188354492188e+00,1.015553474426269531e+01
-3.591461896896362305e+00,4.590718746185302734e+00,1.228674411773681641e+01
1.458722019195556641e+01,1.309044647216796875e+01,4.509192466735839844e+00
1.495851230621337891e+01,1.417662048339843750e+01,3.806173801422119141e+00
1.538976860046386719e+01,-1.103152990341186523e+00,5.163383007049560547e+00
1.497480678558349609e+01,-4.269469261169433594e+00,3.149160385131835938e+00
1.567878532409667969e+01,-3.111586332321166992e+00,4.445518493652343750e+00
1.546601772308349609e+01,1.443491554260253906e+01,4.458378314971923828e+00
1.572069740295410156e+01,-2.648462057113647461e+00,3.830301761627197266e+00
-4.460050582885742188e+00,4.183401584625244141e+00,1.135760402679443359e+01
-3.219490766525268555e+00,5.346676349639892578e+00,1.178058433532714844e+01
1.410083770751953125e+01,1.325300025939941406e+01,3.994740962982177734e+00
-3.130273103713989258e+00,5.265218257904052734e+00,1.129933071136474609e+01
1.466287136077880859e+01,1.307952404022216797e+01,4.583827972412109375e+00
1.559323215484619141e+01,-3.013010263442993164e+00,3.397348642349243164e+00
1.884908080101013184e-01,7.217380523681640625e+00,-4.089183807373046875e+00
-3.147315502166748047e+00,4.124120712280273438e+00,1.554635429382324219e+01
1.497297859191894531e+01,1.416360092163085938e+01,3.718569517135620117e+00
-3.980826139450073242e+00,4.593054294586181641e+00,1.153655052185058594e+01
1.409434795379638672e+01,1.413837623596191406e+01,4.603226661682128906e+00
-3.949636936187744141e+00,6.267762660980224609e+00,8.290876388549804688e+00
-5.760012149810791016e+00,7.767474174499511719e+00,2.405241727828979492e+00
-3.052069187164306641e+00,3.958799600601196289e+00,1.559940433502197266e+01
1.523008537292480469e+01,1.421971130371093750e+01,4.277903556823730469e+00
1.424922943115234375e+01,-4.955115318298339844e+00,2.831842660903930664e+00
-3.986488103866577148e+00,5.875288009643554688e+00,8.468720436096191406e+00
1.429719829559326172e+01,-4.910148620605468750e+00,2.793195962905883789e+00
1.558774185180664062e+01,-2.823425531387329102e+00,3.514693737030029297e+00
1.480460739135742188e+01,6.927262246608734131e-02,4.996408462524414062e+00
1.357916355133056641e+01,6.968801021575927734e+00,4.502592086791992188e+00
8.254764080047607422e-01,6.346383094787597656e+00,-3.865282058715820312e+00
-3.577856063842773438e+00,4.640530586242675781e+00,1.226000690460205078e+01
-3.549846649169921875e+00,6.128540039062500000e+00,8.406769752502441406e+00
5.166841745376586914e-01,6.878709793090820312e+00,-4.090024948120117188e+00
1.339540863037109375e+01,-5.796645641326904297e+00,2.983561515808105469e+00
1.542450714111328125e+01,-3.279141426086425781e+00,3.325114250183105469e+00
1.353274345397949219e+01,1.398735141754150391e+01,5.145554542541503906e+00
1.508242511749267578e+01,1.342762565612792969e+01,4.657171249389648438e+00
1.514091587066650391e+01,1.428701496124267578e+01,3.890870094299316406e+00
-3.204636335372924805e+00,4.810050964355468750e+00,1.272114562988281250e+01
1.532050895690917969e+01,-3.836514949798583984e+00,3.909301757812500000e+00
6.184631586074829102e-01,6.865104198455810547e+00,-4.204284191131591797e+00
8.572740852832794189e-02,5.886781215667724609e+00,-3.822411775588989258e+00
-3.081553459167480469e+00,3.912362575531005859e+00,1.574042797088623047e+01
1.504379272460937500e+01,-2.197554349899291992e+00,4.332163810729980469e+00
-5.221296310424804688e+00,6.659487247467041016e+00,3.661096811294555664e+00
-1.572002887725830078e+00,6.848193168640136719e+00,8.208986282348632812e+00
1.521984100341796875e+01,-1.076089143753051758e+00,4.678493976593017578e+00
-5.240941524505615234e+00,6.679008960723876953e+00,3.680611610412597656e+00
5.822332501411437988e-01,6.507787227630615234e+00,-3.352153539657592773e+00
1.548101139068603516e+01,-3.204225301742553711e+00,3.330769538879394531e+00
-5.757503986358642578e+00,7.764413833618164062e+00,2.407335996627807617e+00
1.329258060455322266e+01,6.779930591583251953e+00,4.732472419738769531e+00
-3.595915317535400391e+00,5.083319187164306641e+00,1.061420536041259766e+01
-5.214784622192382812e+00,6.650844573974609375e+00,3.689300775527954102e+00
1.412479305267333984e+01,-4.417920589447021484e+00,2.957594871520996094e+00
1.502743721008300781e+01,-4.036958217620849609e-01,4.983380317687988281e+00
1.425670909881591797e+01,-4.163086414337158203e+00,2.966302156448364258e+00
1.419985389709472656e+01,1.414041519165039062e+01,4.559165954589843750e+00
-2.666276216506958008e+00,4.986632823944091797e+00,1.221118927001953125e+01
1.552010822296142578e+01,-3.143028736114501953e+00,4.488132476806640625e+00
1.400285911560058594e+01,-5.266074657440185547e+00,3.025568962097167969e+00
8.488595485687255859e-01,5.797189235687255859e+00,-3.870834112167358398e+00
1.525651264190673828e+01,-3.989153623580932617e+00,3.852086782455444336e+00
-2.047343701124191284e-01,6.250149726867675781e+00,-4.102055072784423828e+00
1.333862113952636719e+01,6.819945812225341797e+00,4.687547206878662109e+00
-3.305863380432128906e+00,5.176022052764892578e+00,1.246914100646972656e+01
1.531798839569091797e+01,-3.515804767608642578e+00,4.016763687133789062e+00
1.366058349609375000e+01,1.403577804565429688e+01,5.055415153503417969e+00
1.553518009185791016e+01,1.452578067779541016e+01,4.839585781097412109e+00
1.391017246246337891e+01,7.011548042297363281e+00,4.222510814666748047e+00
5.324170589447021484e-01,5.875067710876464844e+00,-3.601844310760498047e+00
-3.548560380935668945e+00,4.608054637908935547e+00,1.247789096832275391e+01
-3.492866277694702148e+00,5.225037097930908203e+00,1.160100173950195312e+01
1.450036525726318359e+01,1.371845340728759766e+01,3.721846818923950195e+00
-3.329896211624145508e+00,4.872830390930175781e+00,1.236930370330810547e+01
-3.473574876785278320e+00,5.088414192199707031e+00,1.265759086608886719e+01
1.543194580078125000e+01,1.442527103424072266e+01,4.339475154876708984e+00
-3.334913253784179688e+00,4.344413757324218750e+00,1.505401897430419922e+01
1.360342693328857422e+01,-5.601502895355224609e+00,2.966639757156372070e+00
-9.770558029413223267e-02,6.929702281951904297e+00,-4.364317893981933594e+00
1.353398895263671875e+01,-5.565520286560058594e+00,2.975436925888061523e+00
1.359464550018310547e+01,1.400907516479492188e+01,5.071952342987060547e+00
1.469960212707519531e+01,-4.785951614379882812e+00,3.439160108566284180e+00
7.310787439346313477e-01,5.776586532592773438e+00,-3.728511333465576172e+00
1.518007183074951172e+01,-1.143812775611877441e+00,4.471195697784423828e+00
1.506388568878173828e+01,1.410706710815429688e+01,4.204099178314208984e+00
1.528436470031738281e+01,-1.137613892555236816e+00,4.964478969573974609e+00
-3.469218730926513672e+00,6.203814983367919922e+00,8.252651214599609375e+00
1.381246376037597656e+01,1.277365112304687500e+01,3.893108606338500977e+00
1.517065620422363281e+01,1.460166454315185547e+01,5.294431686401367188e+00
1.518892574310302734e+01,-2.085470914840698242e+00,3.548335075378417969e+00
1.526913452148437500e+01,-3.847367286682128906e+00,3.884924411773681641e+00
-2.909431457519531250e+00,4.905388355255126953e+00,1.243949222564697266e+01
1.550737571716308594e+01,-1.335175275802612305e+00,5.115200519561767578e+00
-5.640546604990959167e-02,6.677567958831787109e+00,-4.332820415496826172e+00
1.527702426910400391e+01,-3.595098972320556641e+00,3.363840341567993164e+00
1.350096988677978516e+01,-5.693822860717773438e+00,2.957774877548217773e+00
1.576280498504638672e+01,-2.599585533142089844e+00,4.776701450347900391e+00
1.388202762603759766e+01,1.415644550323486328e+01,5.973986148834228516e+00
1.345984458923339844e+01,6.898055553436279297e+00,4.612075328826904297e+00
-3.554788827896118164e+00,4.213562011718750000e+00,1.524686336517333984e+01
-3.333593845367431641e+00,4.979182720184326172e+00,1.099573326110839844e+01
1.500089073181152344e+01,-1.781659960746765137e+00,3.507961750030517578e+00
-3.288359880447387695e+00,4.143674850463867188e+00,1.560125637054443359e+01
3.703131079673767090e-01,6.437699317932128906e+00,-3.943452119827270508e+00
-3.793682336807250977e+00,5.243504047393798828e+00,1.074346637725830078e+01
1.524104690551757812e+01,-4.021756649017333984e+00,3.798421144485473633e+00
1.557253265380859375e+01,-2.660786390304565430e+00,3.567354440689086914e+00
1.361611747741699219e+01,7.003941535949707031e+00,4.467740535736083984e+00
-3.118987560272216797e+00,5.304671287536621094e+00,1.148649978637695312e+01
7.783880829811096191e-01,5.987864017486572266e+00,-4.149266719818115234e+00
1.447407245635986328e+01,-5.000562667846679688e+00,3.314677238464355469e+00
1.545937824249267578e+01,-1.226600289344787598e+00,5.095174789428710938e+00
1.525543594360351562e+01,-1.178874254226684570e+00,4.594901084899902344e+00
1.574853706359863281e+01,-2.474445104598999023e+00,4.051235675811767578e+00
1.529822349548339844e+01,-3.909429073333740234e+00,3.818925857543945312e+00
1.522479438781738281e+01,-1.680942535400390625e+00,3.759594678878784180e+00
1.385088920593261719e+01,1.280312919616699219e+01,3.918506622314453125e+00
1.444173622131347656e+01,1.450886154174804688e+01,5.412940502166748047e+00
1.516194152832031250e+01,-1.408344626426696777e+00,4.417846202850341797e+00
1.435132980346679688e+01,1.449644756317138672e+01,5.207153320312500000e+00
1.431918144226074219e+01,1.413913726806640625e+01,4.558285713195800781e+00
-4.080902099609375000e+00,5.861092090606689453e+00,8.480701446533203125e+00
1.508278274536132812e+01,-1.653386116027832031e+00,3.623501777648925781e+00
-3.783447504043579102e+00,6.170444965362548828e+00,8.123074531555175781e+00
1.491038036346435547e+01,-3.549788892269134521e-01,4.843743801116943359e+00
-4.139840126037597656e+00,4.527599334716796875e+00,1.124107837677001953e+01
-4.648718833923339844e+00,3.991071939468383789e+00,1.143519878387451172e+01
1.498172569274902344e+01,-2.572734832763671875e+00,4.125103950500488281e+00
1.526489639282226562e+01,1.369292259216308594e+01,4.727020740509033203e+00
1.546365737915039062e+01,-1.295083165168762207e+00,5.089219093322753906e+00
1.377871799468994141e+01,7.038220405578613281e+00,4.320676803588867188e+00
1.427569770812988281e+01,-4.911021709442138672e+00,2.792131185531616211e+00
1.363058376312255859e+01,-5.668758392333984375e+00,2.903053045272827148e+00
-3.391971349716186523e+00,4.422460079193115234e+00,1.513028335571289062e+01
1.438970375061035156e+01,-4.970050811767578125e+00,3.191857814788818359e+00
1.512039375305175781e+01,-1.668770790100097656e+00,3.597153663635253906e+00
1.359259891510009766e+01,-5.661453247070312500e+00,2.935477972030639648e+00
1.401974678039550781e+01,1.401062393188476562e+01,5.876676559448242188e+00
1.518098449707031250e+01,-4.120615959167480469e+00,3.807041168212890625e+00
1.430262851715087891e+01,1.447968196868896484e+01,5.456665515899658203e+00
1.486073589324951172e+01,-4.460533618927001953e+00,3.255494117736816406e+00
1.433569812774658203e+01,1.354532814025878906e+01,3.792377233505249023e+00
-3.731616973876953125e+00,5.391208648681640625e+00,9.885196685791015625e+00
5.865046977996826172e-01,6.376714229583740234e+00,-3.798026800155639648e+00
-3.191724777221679688e+00,6.187783718109130859e+00,8.708555221557617188e+00
6.321231722831726074e-01,6.498292446136474609e+00,-3.378217697143554688e+00
1.496551418304443359e+01,1.411774635314941406e+01,3.775581836700439453e+00
-3.485720872879028320e+00,4.679027080535888672e+00,1.235350131988525391e+01
-3.670006275177001953e+00,5.217769622802734375e+00,1.027474689483642578e+01
1.471366024017333984e+01,1.408489227294921875e+01,5.145380020141601562e+00
1.373407268524169922e+01,-5.498750686645507812e+00,2.989208698272705078e+00
1.543431568145751953e+01,1.441198539733886719e+01,4.686768531799316406e+00
1.524864482879638672e+01,1.401082229614257812e+01,4.749861717224121094e+00
-3.677152633666992188e+00,6.136057853698730469e+00,8.016267776489257812e+00
1.514892673492431641e+01,-4.186555862426757812e+00,3.791611909866333008e+00
-3.496900558471679688e+00,4.141511440277099609e+00,1.501862430572509766e+01
-3.913410663604736328e+00,6.338141918182373047e+00,8.598228454589843750e+00
1.522319412231445312e+01,1.360181999206542969e+01,4.705906867980957031e+00
-5.214023113250732422e+00,6.654021739959716797e+00,3.656108856201171875e+00
-3.362919330596923828e+00,5.741779327392578125e+00,1.012130832672119141e+01
-1.991782784461975098e+00,6.685630798339843750e+00,8.335144996643066406e+00
1.378916549682617188e+01,1.426121330261230469e+01,5.885897636413574219e+00
1.442190456390380859e+01,-3.437541246414184570e+00,2.940044879913330078e+00
-3.232306718826293945e+00,4.042369842529296875e+00,1.494334125518798828e+01
1.520408058166503906e+01,-8.405252099037170410e-01,4.920901298522949219e+00
-3.524326324462890625e+00,5.099290370941162109e+00,1.252860546112060547e+01
1.518441677093505859e+01,-4.128060817718505859e+00,3.800355434417724609e+00
-3.666716337203979492e+00,6.102018356323242188e+00,8.186639785766601562e+00
-4.570678710937500000e+00,4.072102069854736328e+00,1.140356254577636719e+01
3.292920291423797607e-01,7.046575069427490234e+00,-3.858371019363403320e+00
1.550398731231689453e+01,-3.107285737991333008e+00,3.334420442581176758e+00
1.425718021392822266e+01,-4.918501377105712891e+00,3.052322149276733398e+00
1.352529811859130859e+01,-5.680292129516601562e+00,2.970273971557617188e+00
1.515708065032958984e+01,-2.274322986602783203e+00,3.474551916122436523e+00
1.403720760345458984e+01,1.441738796234130859e+01,5.316094875335693359e+00
-3.489175558090209961e+00,4.681134700775146484e+00,1.215548992156982422e+01
-3.060206174850463867e+00,5.228426933288574219e+00,1.149944686889648438e+01
1.528765678405761719e+01,1.454656219482421875e+01,5.302885532379150391e+00
3.457353264093399048e-02,6.931978702545166016e+00,-4.328104019165039062e+00
1.443578910827636719e+01,-3.909196615219116211e+00,2.891584396362304688e+00
1.501517486572265625e+01,-3.811352849006652832e-01,4.981651306152343750e+00
-3.654999494552612305e+00,4.179941177368164062e+00,1.515306377410888672e+01
-2.445931136608123779e-01,6.226997375488281250e+00,-4.036432266235351562e+00
1.544169044494628906e+01,-3.212333202362060547e+00,3.288398504257202148e+00
-3.697496414184570312e+00,5.177392959594726562e+00,1.039102554321289062e+01
4.911287724971771240e-01,6.840291976928710938e+00,-3.470897674560546875e+00
-3.409227371215820312e+00,5.029826164245605469e+00,1.249141788482666016e+01
1.465838050842285156e+01,1.459495067596435547e+01,5.416639804840087891e+00
1.474873065948486328e+01,-4.723682403564453125e+00,3.461955547332763672e+00
1.386129760742187500e+01,1.285223865509033203e+01,3.897054672241210938e+00
1.544502067565917969e+01,-2.643304824829101562e+00,3.475296020507812500e+00
1.332792186737060547e+01,-5.863776206970214844e+00,3.052948713302612305e+00
1.498611164093017578e+01,-3.726405858993530273e+00,2.963193655014038086e+00
6.154015660285949707e-01,6.049820899963378906e+00,-3.460929155349731445e+00
1.504136371612548828e+01,-3.713546514511108398e+00,3.078613042831420898e+00
1.404983901977539062e+01,1.323802566528320312e+01,4.380818843841552734e+00
-4.374958038330078125e+00,4.258950233459472656e+00,1.138703536987304688e+01
-3.714562654495239258e+00,5.203094959259033203e+00,1.021353244781494141e+01
1.489093589782714844e+01,1.327777481079101562e+01,4.657018184661865234e+00
1.542674636840820312e+01,-1.351466417312622070e+00,4.863326549530029297e+00
-3.641757488250732422e+00,6.221016883850097656e+00,8.167795181274414062e+00
-3.856498718261718750e+00,4.547239303588867188e+00,1.186286258697509766e+01
-3.746249437332153320e+00,5.198630332946777344e+00,1.082716941833496094e+01
1.574722576141357422e+01,-2.756711721420288086e+00,4.264942169189453125e+00
-3.916591167449951172e+00,6.024811744689941406e+00,8.725578308105468750e+00
-3.219894647598266602e+00,4.216148376464843750e+00,1.559561061859130859e+01
1.582929229736328125e+01,-2.455687046051025391e+00,4.715547084808349609e+00
1.989750713109970093e-01,7.120884895324707031e+00,-3.646792650222778320e+00
-3.273641824722290039e+00,4.058155536651611328e+00,1.494062995910644531e+01
1.492209339141845703e+01,-2.793802618980407715e-01,4.887281894683837891e+00
-3.584347009658813477e+00,6.218981742858886719e+00,8.255411148071289062e+00
-2.873571157455444336e+00,5.325833320617675781e+00,1.189136028289794922e+01
1.446528148651123047e+01,1.375992965698242188e+01,5.471677780151367188e+00
1.513359260559082031e+01,-3.444970607757568359e+00,3.295574426651000977e+00
6.089043021202087402e-01,6.016365051269531250e+00,-3.774796247482299805e+00
1.388016414642333984e+01,1.433226966857910156e+01,5.721634387969970703e+00
1.415886974334716797e+01,1.320587825775146484e+01,4.219449043273925781e+00
1.445069789886474609e+01,-5.068322658538818359e+00,3.259062767028808594e+00
1.464750862121582031e+01,-4.861676692962646484e+00,3.458478212356567383e+00
1.511922931671142578e+01,-2.551302671432495117e+00,3.321103811264038086e+00
1.518904590606689453e+01,-3.715921640396118164e+00,3.152136802673339844e+00
1.517282009124755859e+01,-1.424807429313659668e+00,4.086007595062255859e+00
1.538194561004638672e+01,1.439195251464843750e+01,4.967875003814697266e+00
-3.388145685195922852e+00,5.303385257720947266e+00,1.088079452514648438e+01
1.493145847320556641e+01,-6.184788346290588379e-01,4.597157001495361328e+00
1.437897014617919922e+01,-4.658905029296875000e+00,2.770035505294799805e+00
1.439350318908691406e+01,-4.743752479553222656e+00,3.037130355834960938e+00
1.490236854553222656e+01,-1.866937279701232910e+00,3.455371379852294922e+00
1.400908851623535156e+01,-4.977544784545898438e+00,2.724599838256835938e+00
-2.700479745864868164e+00,4.782920360565185547e+00,1.244278907775878906e+01
1.534490203857421875e+01,1.446783256530761719e+01,5.060247421264648438e+00
1.429175186157226562e+01,-4.818353176116943359e+00,2.725277900695800781e+00
2.039457857608795166e-01,6.991018295288085938e+00,-4.207871913909912109e+00
1.354298973083496094e+01,6.997547626495361328e+00,4.536221504211425781e+00
-3.629444122314453125e+00,6.231383323669433594e+00,7.978276252746582031e+00
1.395000076293945312e+01,1.434690093994140625e+01,5.843767166137695312e+00
-5.666049003601074219e+00,7.672025680541992188e+00,2.500684738159179688e+00
1.462676715850830078e+01,-4.712871551513671875e+00,3.203715085983276367e+00
-3.627442836761474609e+00,4.580279350280761719e+00,1.216983699798583984e+01
1.506538772583007812e+01,-1.704302787780761719e+00,3.531538486480712891e+00
1.391646116971969604e-01,7.231536865234375000e+00,-3.956003189086914062e+00
-5.767730712890625000e+00,7.774239063262939453e+00,2.399034261703491211e+00
-2.835902452468872070e+00,5.285124778747558594e+00,1.184344291687011719e+01
1.536996650695800781e+01,-1.431157827377319336e+00,5.005548477172851562e+00
5.568422675132751465e-01,6.868159294128417969e+00,-4.277928829193115234e+00
1.584382057189941406e+01,-2.653100490570068359e+00,4.735125541687011719e+00
-3.802579164505004883e+00,4.244880676269531250e+00,1.517552566528320312e+01
1.445364379882812500e+01,1.376196765899658203e+01,5.465310573577880859e+00
2.896331548690795898e-01,5.815053939819335938e+00,-3.856762170791625977e+00
1.370969104766845703e+01,1.402304649353027344e+01,4.898399353027343750e+00
1.490098285675048828e+01,1.398728847503662109e+01,3.871532440185546875e+00
1.511223220825195312e+01,-3.257318019866943359e+00,3.786806344985961914e+00
-3.966468334197998047e+00,5.994193553924560547e+00,8.243856430053710938e+00
1.587477397918701172e+01,-2.706020116806030273e+00,4.356017589569091797e+00
-3.473253726959228516e+00,6.143389225006103516e+00,8.569180488586425781e+00
1.512270545959472656e+01,-3.510065317153930664e+00,3.193307399749755859e+00
1.580646514892578125e+01,-2.912127733230590820e+00,4.609451770782470703e+00
1.476916694641113281e+01,-3.887257575988769531e+00,3.004059076309204102e+00
1.350205707550048828e+01,-5.712444782257080078e+00,2.957517862319946289e+00
1.578302574157714844e+01,-2.662868499755859375e+00,4.050774574279785156e+00
1.544952106475830078e+01,-3.072227239608764648e+00,3.505338430404663086e+00
-4.609801769256591797e+00,4.034739494323730469e+00,1.140230941772460938e+01
1.515377998352050781e+01,-2.197824239730834961e+00,4.156898975372314453e+00
1.543199825286865234e+01,-1.209103465080261230e+00,5.162426948547363281e+00
1.340823745727539062e+01,-5.793755531311035156e+00,3.004693746566772461e+00
1.532575511932373047e+01,-1.576884388923645020e+00,4.149055957794189453e+00
1.531365108489990234e+01,-3.355140686035156250e+00,3.163541078567504883e+00
-2.803794443607330322e-01,6.474300384521484375e+00,-4.142074584960937500e+00
6.904137134552001953e-01,6.309386253356933594e+00,-3.950905084609985352e+00
1.554105472564697266e+01,-3.132493257522583008e+00,3.321349859237670898e+00
1.520362281799316406e+01,1.444705104827880859e+01,5.132471561431884766e+00
1.436180210113525391e+01,1.453525924682617188e+01,5.331100940704345703e+00
-3.944005727767944336e+00,6.292256355285644531e+00,8.361267089843750000e+00
1.411633777618408203e+01,1.445645713806152344e+01,5.324335575103759766e+00
1.510347461700439453e+01,1.401668357849121094e+01,5.004482269287109375e+00
-3.643350362777709961e+00,5.966263771057128906e+00,8.423415184020996094e+00
-1.498638391494750977e+00,6.941581249237060547e+00,8.117583274841308594e+00
-3.118174076080322266e+00,4.070604801177978516e+00,1.567954730987548828e+01
-3.549524068832397461e+00,5.406710147857666016e+00,1.074029731750488281e+01
1.527237701416015625e+01,1.379156780242919922e+01,4.489496231079101562e+00
1.585772228240966797e+01,-2.770217657089233398e+00,4.384459018707275391e+00
1.497087001800537109e+01,-1.785603165626525879e+00,3.481045246124267578e+00
1.374533653259277344e+01,-5.429552078247070312e+00,2.963479518890380859e+00
1.522801494598388672e+01,-9.635188579559326172e-01,4.872576236724853516e+00
1.389652824401855469e+01,1.293057823181152344e+01,3.938328742980957031e+00
-3.783289909362792969e+00,5.137829780578613281e+00,1.072629928588867188e+01
2.091587483882904053e-01,7.183456897735595703e+00,-4.325253009796142578e+00
1.408051699399948120e-01,5.734715461730957031e+00,-3.895071029663085938e+00
-4.043669700622558594e+00,5.816531181335449219e+00,8.562214851379394531e+00
1.511630535125732422e+01,-4.160910606384277344e+00,3.649078130722045898e+00
1.579177665710449219e+01,-2.449238061904907227e+00,4.628607749938964844e+00
1.548829746246337891e+01,1.449489688873291016e+01,4.644719600677490234e+00
1.540674209594726562e+01,-1.228667974472045898e+00,5.057168006896972656e+00
1.434061717987060547e+01,1.340625095367431641e+01,3.948282957077026367e+00
1.358240032196044922e+01,6.980393886566162109e+00,4.503036499023437500e+00
1.439520072937011719e+01,-4.139395713806152344e+00,2.834439277648925781e+00
1.480975055694580078e+01,1.401383304595947266e+01,5.129340171813964844e+00
1.386259269714355469e+01,1.281704807281494141e+01,3.912471294403076172e+00
-3.974005460739135742e+00,5.806128025054931641e+00,8.879689216613769531e+00
1.421258831024169922e+01,1.263431453704833984e+01,4.031995296478271484e+00
1.531177234649658203e+01,1.403823947906494141e+01,4.975368022918701172e+00
7.388394474983215332e-01,6.507942199707031250e+00,-3.891887903213500977e+00
1.481738471984863281e+01,-3.903549909591674805e+00,2.883866310119628906e+00
1.328391742706298828e+01,6.759379863739013672e+00,4.751675128936767578e+00
-3.503191947937011719e+00,6.127475738525390625e+00,8.502873420715332031e+00
-3.035011291503906250e+00,3.893908023834228516e+00,1.520945358276367188e+01
1.361207580566406250e+01,1.405445098876953125e+01,5.078375339508056641e+00
-4.028277873992919922e+00,5.811944961547851562e+00,8.625961303710937500e+00
1.914804726839065552e-01,5.756507396697998047e+00,-3.911900520324707031e+00
1.839691996574401855e-01,7.222245693206787109e+00,-3.759485960006713867e+00
-3.424622118473052979e-01,6.571365356445312500e+00,-4.216773509979248047e+00
1.472357082366943359e+01,1.302295875549316406e+01,4.777944087982177734e+00
-3.258548974990844727e+00,4.717829227447509766e+00,1.206169319152832031e+01
-1.694544672966003418e+00,6.809875965118408203e+00,8.241363525390625000e+00
1.354810333251953125e+01,1.403408813476562500e+01,5.246881484985351562e+00
1.550734996795654297e+01,-2.666716098785400391e+00,3.597498178482055664e+00
1.525480842590332031e+01,-1.859706997871398926e+00,4.267952919006347656e+00
-3.783971309661865234e+00,4.421913623809814453e+00,1.522455120086669922e+01
-3.724450349807739258e+00,4.616327285766601562e+00,1.207576751708984375e+01
1.542117977142333984e+01,-1.164885759353637695e+00,5.138095855712890625e+00
1.547740745544433594e+01,-1.992208957672119141e+00,4.112574577331542969e+00
-2.919956684112548828e+00,4.922734260559082031e+00,1.163773918151855469e+01
-1.716979384422302246e+00,6.804577350616455078e+00,8.245523452758789062e+00
4.037462770938873291e-01,6.157640933990478516e+00,-4.084777355194091797e+00
-3.070405721664428711e+00,4.022927284240722656e+00,1.488261795043945312e+01
1.416971683502197266e+01,-4.515070438385009766e+00,2.851899623870849609e+00
-3.146837711334228516e+00,3.980577945709228516e+00,1.561260890960693359e+01
6.986173391342163086e-01,6.643043518066406250e+00,-3.608223676681518555e+00
4.212977588176727295e-01,6.806477546691894531e+00,-3.438810348510742188e+00
1.548590660095214844e+01,1.452531909942626953e+01,4.760965824127197266e+00
-3.746241569519042969e+00,5.191875457763671875e+00,1.030464172363281250e+01
1.503139114379882812e+01,-5.674021244049072266e-01,4.873896598815917969e+00
1.470291709899902344e+01,-3.631756782531738281e+00,2.982780218124389648e+00
1.421314239501953125e+01,1.325491237640380859e+01,4.081053256988525391e+00
-3.836011648178100586e+00,6.057350635528564453e+00,8.042214393615722656e+00
1.334873771667480469e+01,-5.812629699707031250e+00,3.039106369018554688e+00
-4.607791423797607422e+00,4.036961078643798828e+00,1.139915657043457031e+01
1.495905113220214844e+01,-2.649691104888916016e-01,5.025560855865478516e+00
1.518754196166992188e+01,-2.099800825119018555e+00,4.229738712310791016e+00
-4.618463039398193359e+00,4.017429828643798828e+00,1.139165210723876953e+01
1.509968662261962891e+01,1.462189960479736328e+01,5.364734649658203125e+00
1.452593231201171875e+01,-4.077562332153320312e+00,2.836909294128417969e+00
1.418512248992919922e+01,1.261583518981933594e+01,4.015824794769287109e+00
-5.783862113952636719e+00,7.791553497314453125e+00,2.381258487701416016e+00
1.385843467712402344e+01,1.277630329132080078e+01,3.943469524383544922e+00
1.486236095428466797e+01,8.401813358068466187e-02,5.098150253295898438e+00
-4.007324695587158203e+00,6.251101493835449219e+00,8.342108726501464844e+00
1.390404319763183594e+01,-5.368443489074707031e+00,3.091046571731567383e+00
1.409527301788330078e+01,-4.870841026306152344e+00,2.893027305603027344e+00
1.529734230041503906e+01,-1.949505329132080078e+00,4.196643352508544922e+00
1.493768692016601562e+01,1.413852024078369141e+01,3.743497371673583984e+00
-3.627593278884887695e+00,6.255022525787353516e+00,8.006636619567871094e+00
-2.214052528142929077e-01,6.640524864196777344e+00,-4.224361896514892578e+00
-3.800599098205566406e+00,6.129181385040283203e+00,8.091906547546386719e+00
-3.808562040328979492e+00,5.991678714752197266e+00,8.321646690368652344e+00
-2.798327684402465820e+00,4.736603736877441406e+00,1.246740436553955078e+01
1.357083034515380859e+01,-5.644340515136718750e+00,2.935191392898559570e+00
1.489993667602539062e+01,1.416778373718261719e+01,4.478529453277587891e+00
1.427896404266357422e+01,-5.143781661987304688e+00,3.283625841140747070e+00
-3.386914014816284180e+00,5.259968280792236328e+00,1.178751754760742188e+01
8.427017927169799805e-01,5.962440967559814453e+00,-4.096158504486083984e+00
-3.466316938400268555e+00,5.106029033660888672e+00,1.222098350524902344e+01
1.388851070404052734e+01,1.420824813842773438e+01,5.054350852966308594e+00
1.423485755920410156e+01,1.342612838745117188e+01,3.886738538742065430e+00
1.444309806823730469e+01,-4.831457138061523438e+00,2.913539171218872070e+00
7.025738954544067383e-01,5.728753089904785156e+00,-3.775897026062011719e+00
1.346459484100341797e+01,6.921547889709472656e+00,4.607970237731933594e+00
2.484461814165115356e-01,6.369451999664306641e+00,-4.012048721313476562e+00
1.583891868591308594e+01,-2.511321544647216797e+00,4.400135993957519531e+00
1.502252960205078125e+01,-3.935224056243896484e+00,3.652853250503540039e+00
2.436179518699645996e-01,7.190714359283447266e+00,-3.731399774551391602e+00
1.432297992706298828e+01,1.336120891571044922e+01,3.990893840789794922e+00
-3.279794931411743164e+00,4.817650794982910156e+00,1.239762592315673828e+01
1.501399612426757812e+01,-1.634706377983093262e+00,3.598321199417114258e+00
4.329280257225036621e-01,5.807328224182128906e+00,-3.719455480575561523e+00
1.550160026550292969e+01,-1.471270680427551270e+00,5.016539573669433594e+00
-3.961790561676025391e+00,5.880255699157714844e+00,8.477860450744628906e+00
1.466474056243896484e+01,-3.839661598205566406e+00,3.202610492706298828e+00
1.355959320068359375e+01,-5.578567504882812500e+00,2.953778982162475586e+00
1.445456409454345703e+01,1.370652961730957031e+01,3.708820343017578125e+00
-1.551639318466186523e+00,6.877425670623779297e+00,8.180426597595214844e+00
1.445858192443847656e+01,1.376174640655517578e+01,5.452445507049560547e+00
1.543862724304199219e+01,-1.770611643791198730e+00,4.270245075225830078e+00
1.434172821044921875e+01,-4.804465293884277344e+00,2.757407903671264648e+00
-3.743166208267211914e+00,6.062396526336669922e+00,8.219947814941406250e+00
1.534549522399902344e+01,1.393521595001220703e+01,4.431534767150878906e+00
1.438688564300537109e+01,1.360835647583007812e+01,3.815492868423461914e+00
1.541937732696533203e+01,-1.285233855247497559e+00,5.034541130065917969e+00
1.521115970611572266e+01,1.377636051177978516e+01,4.780408382415771484e+00
1.547216796875000000e+01,-1.218639969825744629e+00,5.149841785430908203e+00
-3.407396316528320312e+00,4.990832328796386719e+00,1.208732414245605469e+01
-2.958089351654052734e+00,5.193348407745361328e+00,1.184990119934082031e+01
-3.139196395874023438e+00,4.110826015472412109e+00,1.556859493255615234e+01
1.474226760864257812e+01,-8.415096253156661987e-02,4.856279373168945312e+00
1.517572879791259766e+01,-2.296074390411376953e+00,4.152301788330078125e+00
1.493593406677246094e+01,-2.811749465763568878e-02,5.106817245483398438e+00
-5.748191356658935547e+00,7.754746913909912109e+00,2.416185379028320312e+00
-3.844404220581054688e+00,6.340186119079589844e+00,8.003334999084472656e+00
7.157362699508666992e-01,5.971051692962646484e+00,-4.021485805511474609e+00
-3.748265027999877930e+00,6.317021846771240234e+00,8.142063140869140625e+00
1.520605278015136719e+01,-3.943375587463378906e+00,3.718327283859252930e+00
-3.734641075134277344e+00,4.219233036041259766e+00,1.511445331573486328e+01
1.406134414672851562e+01,1.409107971191406250e+01,5.840281009674072266e+00
-2.324545234441757202e-01,6.659061908721923828e+00,-4.127571105957031250e+00
1.524726200103759766e+01,1.416355037689208984e+01,4.633079528808593750e+00
-4.495352268218994141e+00,4.148168563842773438e+00,1.138518238067626953e+01
3.555549681186676025e-01,6.983593940734863281e+00,-3.572914123535156250e+00
-3.101633071899414062e+00,3.931837081909179688e+00,1.574468326568603516e+01
-3.502161741256713867e+00,4.976947307586669922e+00,1.095487785339355469e+01
1.481784725189208984e+01,8.697813749313354492e-02,5.020396709442138672e+00
1.587643051147460938e+01,-2.630194664001464844e+00,4.651572704315185547e+00
1.464808559417724609e+01,1.313194274902343750e+01,4.861884593963623047e+00
-3.592420816421508789e+00,5.055763244628906250e+00,1.245659255981445312e+01
2.500302493572235107e-01,7.122746467590332031e+00,-3.843747854232788086e+00
7.898454666137695312e-01,6.532872200012207031e+00,-3.482817173004150391e+00
-4.591250419616699219e+00,4.052088737487792969e+00,1.142967128753662109e+01
-3.036368131637573242e+00,4.019022464752197266e+00,1.566601085662841797e+01
1.571611118316650391e+01,-2.821324825286865234e+00,4.669537067413330078e+00
-6.369934231042861938e-02,7.034824371337890625e+00,-4.433564186096191406e+00
1.391922950744628906e+01,1.287828159332275391e+01,3.988941192626953125e+00
1.524491214752197266e+01,-1.763757944107055664e+00,3.709937810897827148e+00
8.380446434020996094e-01,6.403807163238525391e+00,-3.616954803466796875e+00
1.526049804687500000e+01,1.457617855072021484e+01,5.309920787811279297e+00
1.367964363098144531e+01,-5.553300380706787109e+00,2.953069925308227539e+00
-1.097300425171852112e-01,6.949605464935302734e+00,-4.440815925598144531e+00
8.312753438949584961e-01,5.971207141876220703e+00,-4.073651790618896484e+00
-3.670352935791015625e+00,5.489693164825439453e+00,9.841543197631835938e+00
-1.504214882850646973e+00,6.928697109222412109e+00,8.126432418823242188e+00
1.381101703643798828e+01,1.285311794281005859e+01,3.856420516967773438e+00
1.581703186035156250e+01,-2.871202468872070312e+00,4.630210399627685547e+00
1.340774917602539062e+01,-5.786383628845214844e+00,3.000691890716552734e+00
-2.695699691772460938e+00,4.899734020233154297e+00,1.209320449829101562e+01
-2.983256816864013672e+00,4.984860420227050781e+00,1.177497673034667969e+01
-3.547560453414916992e+00,6.201675415039062500e+00,8.359549522399902344e+00
-3.392968654632568359e+00,5.389061450958251953e+00,1.154388523101806641e+01
1.455742359161376953e+01,-4.942469120025634766e+00,3.385044336318969727e+00
1.492465972900390625e+01,-4.471712112426757812e+00,3.564871311187744141e+00
-2.968157052993774414e+00,5.158646106719970703e+00,1.156659412384033203e+01
4.096726179122924805e-01,6.681999206542968750e+00,-3.438980579376220703e+00
1.371393013000488281e+01,1.412553405761718750e+01,5.187792778015136719e+00
-3.489849567413330078e+00,5.044309139251708984e+00,1.244704532623291016e+01
1.520819377899169922e+01,1.364836692810058594e+01,4.811458110809326172e+00
-3.694045305252075195e+00,4.396657466888427734e+00,1.515751934051513672e+01
5.208227634429931641e-01,5.985782623291015625e+00,-4.092983722686767578e+00
1.564496040344238281e+01,-2.469057083129882812e+00,3.851473093032836914e+00
1.329452896118164062e+01,6.791377544403076172e+00,4.729074954986572266e+00
7.834935188293457031e-01,5.915107727050781250e+00,-3.990664005279541016e+00
6.641051173210144043e-01,6.312297821044921875e+00,-3.828588008880615234e+00
-3.166895151138305664e+00,5.116223335266113281e+00,1.226068496704101562e+01
1.546681880950927734e+01,-2.440619945526123047e+00,3.662625074386596680e+00
-3.688583850860595703e+00,4.898850917816162109e+00,1.095752429962158203e+01
1.389825344085693359e+01,1.283588409423828125e+01,3.901475667953491211e+00
-3.344180345535278320e+00,4.702395915985107422e+00,1.291026973724365234e+01
-3.889340400695800781e+00,4.637520313262939453e+00,1.166320323944091797e+01
3.964192867279052734e-01,6.907204151153564453e+00,-3.998733520507812500e+00
1.439876461029052734e+01,1.453235912322998047e+01,5.293866157531738281e+00
1.378176593780517578e+01,-5.518124580383300781e+00,3.072017192840576172e+00
1.427888488769531250e+01,1.250769805908203125e+01,4.057671546936035156e+00
-5.222440242767333984e+00,6.661119461059570312e+00,3.658904075622558594e+00
1.544345951080322266e+01,-2.125532388687133789e+00,3.713275671005249023e+00
1.528628444671630859e+01,-1.184392333030700684e+00,4.649218082427978516e+00
6.193487048149108887e-01,6.873442649841308594e+00,-4.232176303863525391e+00
1.387941360473632812e+01,7.113762378692626953e+00,4.236789703369140625e+00
1.456485271453857422e+01,1.314008712768554688e+01,4.365131855010986328e+00
1.396974468231201172e+01,1.310663032531738281e+01,4.114406585693359375e+00
1.509947204589843750e+01,-2.299630165100097656e+00,4.119074344635009766e+00
-4.416185379028320312e+00,4.212744235992431641e+00,1.142365932464599609e+01
1.430713081359863281e+01,1.403375625610351562e+01,4.184493541717529297e+00
7.719582319259643555e-01,6.459514617919921875e+00,-3.602529764175415039e+00
8.507975339889526367e-01,6.055246353149414062e+00,-3.993123769760131836e+00
-3.007957220077514648e+00,4.879856109619140625e+00,1.180272769927978516e+01
1.508343887329101562e+01,-1.353245496749877930e+00,4.439517498016357422e+00
-3.273388147354125977e+00,4.219773769378662109e+00,1.513590240478515625e+01
-3.918544054031372070e+00,6.106760978698730469e+00,8.032919883728027344e+00
1.334913158416748047e+01,6.825340270996093750e+00,4.694561958312988281e+00
-3.472711324691772461e+00,4.033758163452148438e+00,1.514405918121337891e+01
-3.295203447341918945e+00,4.544411182403564453e+00,1.497229194641113281e+01
1.467588710784912109e+01,-4.712850093841552734e+00,3.227517843246459961e+00
1.550932407379150391e+01,-1.322290420532226562e+00,5.100789546966552734e+00
1.707290182821452618e-03,6.677764415740966797e+00,-4.300603389739990234e+00
1.345665454864501953e+01,6.925132751464843750e+00,4.631038665771484375e+00
-4.097365856170654297e+00,4.472005367279052734e+00,1.150592422485351562e+01
1.547813701629638672e+01,-3.292262077331542969e+00,4.309031486511230469e+00
5.354326367378234863e-01,5.991496086120605469e+00,-4.158859729766845703e+00
-3.225109100341796875e+00,4.175827026367187500e+00,1.542492675781250000e+01
-3.360244333744049072e-01,6.584577560424804688e+00,-4.213801860809326172e+00
1.514929962158203125e+01,1.381136417388916016e+01,4.768812656402587891e+00
1.585282897949218750e+01,-2.753330945968627930e+00,4.459716320037841797e+00
1.397878456115722656e+01,1.402739906311035156e+01,5.889409542083740234e+00
1.543244838714599609e+01,-3.221416234970092773e+00,3.463743209838867188e+00
-3.685887098312377930e+00,4.252091884613037109e+00,1.513664245605468750e+01
1.524247455596923828e+01,-1.179326772689819336e+00,4.575256824493408203e+00
-3.496035337448120117e+00,5.080267906188964844e+00,1.270427131652832031e+01
6.986221075057983398e-01,6.154567241668701172e+00,-4.068210124969482422e+00
-3.284090042114257812e+00,3.948796272277832031e+00,1.574678421020507812e+01
-3.816202163696289062e+00,5.011726856231689453e+00,1.060600757598876953e+01
1.489418506622314453e+01,1.411454296112060547e+01,3.738330125808715820e+00
-3.486301183700561523e+00,5.270274639129638672e+00,1.180800724029541016e+01
1.550428485870361328e+01,1.437908744812011719e+01,4.823262691497802734e+00
-5.783180236816406250e+00,7.791542530059814453e+00,2.379421949386596680e+00
-3.003242731094360352e+00,4.977816104888916016e+00,1.183568763732910156e+01
1.526576995849609375e+01,1.460771083831787109e+01,5.223207473754882812e+00
-3.288455486297607422e+00,4.190365791320800781e+00,1.478079700469970703e+01
-3.303948879241943359e+00,4.828356266021728516e+00,1.206974792480468750e+01
-3.720774888992309570e+00,4.355648040771484375e+00,1.527927494049072266e+01
1.540812683105468750e+01,-1.764042139053344727e+00,3.961172103881835938e+00
7.910730838775634766e-01,5.890989780426025391e+00,-3.774369716644287109e+00
1.449588966369628906e+01,1.455692195892333984e+01,5.508861541748046875e+00
-3.136119842529296875e+00,3.950039148330688477e+00,1.578899669647216797e+01
1.493027496337890625e+01,-1.244066357612609863e-01,5.053309917449951172e+00
-2.815818786621093750e+00,4.751012325286865234e+00,1.251540565490722656e+01
1.564226436614990234e+01,-2.256593704223632812e+00,4.095378875732421875e+00
-3.685504436492919922e+00,5.188574790954589844e+00,1.032800579071044922e+01
1.510692119598388672e+01,1.395875358581542969e+01,4.297389030456542969e+00
-8.259764313697814941e-02,7.136241912841796875e+00,-4.420925617218017578e+00
-3.616302013397216797e+00,4.321559429168701172e+00,1.524704170227050781e+01
-4.595252037048339844e+00,4.048313140869140625e+00,1.140001106262207031e+01
1.392925548553466797e+01,1.383084678649902344e+01,4.463961124420166016e+00
-3.153007745742797852e+00,5.023226737976074219e+00,1.186558532714843750e+01
3.425020277500152588e-01,6.379144191741943359e+00,-3.608957052230834961e+00
-2.926337957382202148e+00,4.725264549255371094e+00,1.262067508697509766e+01
1.389329147338867188e+01,7.136748790740966797e+00,4.224267005920410156e+00
1.509982872009277344e+01,-1.418560504913330078e+00,4.438469886779785156e+00
-2.946120738983154297e+00,5.043636798858642578e+00,1.217158508300781250e+01
-2.846555948257446289e+00,5.222084045410156250e+00,1.194342231750488281e+01
1.540158462524414062e+01,-1.131103396415710449e+00,5.138905525207519531e+00
8.424021005630493164e-01,5.913956642150878906e+00,-3.892566680908203125e+00
1.512742489576339722e-01,5.766987323760986328e+00,-3.975516080856323242e+00
-2.991807460784912109e+00,4.229552268981933594e+00,1.469023323059082031e+01
4.788146018981933594e-01,6.091791152954101562e+00,-3.787150382995605469e+00
1.363385391235351562e+01,1.422084712982177734e+01,5.637377738952636719e+00
-3.917366743087768555e+00,5.975570201873779297e+00,8.336144447326660156e+00
-4.216771602630615234e+00,4.373764514923095703e+00,1.146306037902832031e+01
1.458798217773437500e+01,1.410058212280273438e+01,5.216693401336669922e+00
1.538864707946777344e+01,-1.725000977516174316e+00,4.070911884307861328e+00
3.323940336704254150e-01,7.057476997375488281e+00,-3.676543951034545898e+00
1.502578258514404297e+01,1.410239505767822266e+01,4.081765651702880859e+00
-3.153673410415649414e-01,6.661070346832275391e+00,-4.212701797485351562e+00
-3.990778446197509766e+00,5.924046516418457031e+00,8.475672721862792969e+00
-3.194762468338012695e+00,4.883465290069580078e+00,1.287575149536132812e+01
1.555440330505371094e+01,-1.417102217674255371e+00,5.110481262207031250e+00
-3.417860984802246094e+00,5.262431144714355469e+00,1.170882606506347656e+01
1.466532039642333984e+01,1.392897987365722656e+01,4.205238342285156250e+00
1.445104885101318359e+01,1.458704853057861328e+01,5.364323616027832031e+00
1.520165538787841797e+01,1.455889606475830078e+01,5.342746257781982422e+00
-1.543969750404357910e+00,6.936519622802734375e+00,8.120629310607910156e+00
-3.071388721466064453e+00,4.979892730712890625e+00,1.131921482086181641e+01
1.582905292510986328e+01,-2.487901687622070312e+00,4.682287216186523438e+00
1.509217548370361328e+01,-1.406351327896118164e+00,3.886999845504760742e+00
1.504981708526611328e+01,-8.656785488128662109e-01,4.533600807189941406e+00
-3.725319385528564453e+00,4.922201156616210938e+00,1.112286281585693359e+01
1.552222061157226562e+01,-2.875780344009399414e+00,3.419933795928955078e+00
-3.953158617019653320e+00,5.964316844940185547e+00,8.805065155029296875e+00
1.512688350677490234e+01,1.414365386962890625e+01,3.974783182144165039e+00
1.409386634826660156e+01,1.311580276489257812e+01,4.294401645660400391e+00
-3.024358510971069336e+00,4.174126148223876953e+00,1.472916889190673828e+01
1.491714477539062500e+01,-6.464570015668869019e-02,5.086153507232666016e+00
-3.409719705581665039e+00,6.197848796844482422e+00,8.524333000183105469e+00
1.382390689849853516e+01,1.336133003234863281e+01,4.204605102539062500e+00
-3.518168210983276367e+00,5.964352607727050781e+00,8.790725708007812500e+00
1.514770603179931641e+01,1.398661899566650391e+01,4.823272705078125000e+00
-3.891314744949340820e+00,6.086874961853027344e+00,8.036024093627929688e+00
1.586964416503906250e+01,-2.638621568679809570e+00,4.181153297424316406e+00
1.578462409973144531e+01,-2.687244892120361328e+00,4.748169422149658203e+00
-3.466490030288696289e+00,4.157943248748779297e+00,1.490003490447998047e+01
2.994037568569183350e-01,6.288348197937011719e+00,-4.171937465667724609e+00
-2.699748754501342773e+00,4.940057277679443359e+00,1.213185691833496094e+01
-3.262431621551513672e+00,4.805130004882812500e+00,1.281871318817138672e+01
1.329805660247802734e+01,6.774546146392822266e+00,4.735449314117431641e+00
-2.962176799774169922e+00,4.814373016357421875e+00,1.247952842712402344e+01
7.313829660415649414e-01,6.356263637542724609e+00,-3.787515640258789062e+00
1.437272930145263672e+01,-4.758275508880615234e+00,2.811918258666992188e+00
1.568291187286376953e+01,-2.897387981414794922e+00,4.672829627990722656e+00
1.547327327728271484e+01,1.443481063842773438e+01,4.516094684600830078e+00
3.026178777217864990e-01,6.630931854248046875e+00,-4.245871067047119141e+00
1.415411853790283203e+01,-4.342288494110107422e+00,2.966770410537719727e+00
1.513460540771484375e+01,-6.936799883842468262e-01,4.893180847167968750e+00
1.538069057464599609e+01,-1.820591211318969727e+00,3.881474971771240234e+00
8.447611331939697266e-02,5.740464210510253906e+00,-3.885283470153808594e+00
-3.399713754653930664e+00,4.955464363098144531e+00,1.099437999725341797e+01
1.438212490081787109e+01,-5.091563701629638672e+00,3.345128774642944336e+00
1.455440711975097656e+01,1.416302204132080078e+01,4.455956459045410156e+00
-2.835683584213256836e+00,4.706750869750976562e+00,1.250647830963134766e+01
1.536468696594238281e+01,-1.222541332244873047e+00,5.064985752105712891e+00
1.360112285614013672e+01,7.004181385040283203e+00,4.490831851959228516e+00
1.497698116302490234e+01,-3.873690605163574219e+00,2.996937274932861328e+00
1.524502372741699219e+01,-3.167540311813354492e+00,3.628285169601440430e+00
1.390129566192626953e+01,1.433987045288085938e+01,5.378243923187255859e+00
1.499044036865234375e+01,-1.556587219238281250e+00,3.631651878356933594e+00
1.498880386352539062e+01,1.378882694244384766e+01,4.958336830139160156e+00
-2.922381877899169922e+00,5.206631660461425781e+00,1.175969600677490234e+01
-3.485548496246337891e+00,4.122186183929443359e+00,1.523198890686035156e+01
-3.793914556503295898e+00,6.057699203491210938e+00,8.070459365844726562e+00
1.426163578033447266e+01,1.299752044677734375e+01,4.208828926086425781e+00
-1.564403250813484192e-02,5.895754814147949219e+00,-3.975943803787231445e+00
-5.756209373474121094e+00,7.770772933959960938e+00,2.416268587112426758e+00
5.883557796478271484e-01,6.028789997100830078e+00,-4.032383441925048828e+00
1.521676731109619141e+01,1.412526798248291016e+01,4.828719615936279297e+00
1.492021751403808594e+01,-1.488504558801651001e-02,5.115563392639160156e+00
-3.489932298660278320e+00,4.279289245605468750e+00,1.549285125732421875e+01
1.486713790893554688e+01,-1.766679063439369202e-02,5.022691249847412109e+00
-2.838820815086364746e-01,6.383339405059814453e+00,-4.155285358428955078e+00
-5.208045005798339844e+00,6.648965358734130859e+00,3.670051813125610352e+00
-2.730453252792358398e+00,4.751314640045166016e+00,1.245727920532226562e+01
-3.713320493698120117e+00,6.255297183990478516e+00,8.000777244567871094e+00
1.527027034759521484e+01,-9.155352711677551270e-01,4.966925621032714844e+00
-3.480727195739746094e+00,5.275579452514648438e+00,1.178421115875244141e+01
1.517165756225585938e+01,1.384465885162353516e+01,4.940196514129638672e+00
-3.479687690734863281e+00,4.332519054412841797e+00,1.496655082702636719e+01
-3.567315578460693359e+00,4.567790031433105469e+00,1.237941551208496094e+01
-3.001499176025390625e+00,4.296795368194580078e+00,1.431598377227783203e+01
1.408584415912628174e-01,7.222604274749755859e+00,-3.858618974685668945e+00
-5.778406620025634766e+00,7.785772323608398438e+00,2.384960412979125977e+00
1.511958980560302734e+01,-3.765133619308471680e+00,3.761837244033813477e+00
1.365581321716308594e+01,6.962118625640869141e+00,4.413166046142578125e+00
1.497357368469238281e+01,1.421995639801025391e+01,4.451911449432373047e+00
1.511261844635009766e+01,-2.355167865753173828e+00,4.212477684020996094e+00
1.540564823150634766e+01,1.456100082397460938e+01,4.914738178253173828e+00
-3.515985727310180664e+00,5.067311763763427734e+00,1.065744781494140625e+01
-3.013641834259033203e+00,4.948505878448486328e+00,1.163127040863037109e+01
-3.015187501907348633e+00,4.153400421142578125e+00,1.465024280548095703e+01
1.584889793395996094e+01,-2.669869661331176758e+00,4.756203174591064453e+00
1.509620475769042969e+01,1.407620525360107422e+01,4.386203765869140625e+00
-3.558780908584594727e+00,4.504076004028320312e+00,1.533414649963378906e+01
6.504858732223510742e-01,6.461422920227050781e+00,-3.430873870849609375e+00
-3.128785610198974609e+00,4.016381740570068359e+00,1.480441188812255859e+01
-3.155740261077880859e+00,4.096900463104248047e+00,1.567479324340820312e+01
1.540185737609863281e+01,1.418627738952636719e+01,4.871212005615234375e+00
1.486103153228759766e+01,-2.474147081375122070e+00,4.228686809539794922e+00
1.518116855621337891e+01,-4.063789844512939453e+00,3.886917591094970703e+00
1.468553829193115234e+01,-4.518846988677978516e+00,3.009892940521240234e+00
1.444273185729980469e+01,-3.460771322250366211e+00,2.938328504562377930e+00
8.867140412330627441e-01,5.974236965179443359e+00,-3.883449077606201172e+00
1.421104431152343750e+01,-4.597366809844970703e+00,2.761013746261596680e+00
1.491657447814941406e+01,1.393219566345214844e+01,4.026508808135986328e+00
1.532074165344238281e+01,1.434563636779785156e+01,5.150593280792236328e+00
1.275506466627120972e-01,5.853394031524658203e+00,-3.904380321502685547e+00
6.042158007621765137e-01,5.929433345794677734e+00,-3.832460403442382812e+00
1.553800487518310547e+01,1.453631877899169922e+01,4.863934516906738281e+00
1.491409683227539062e+01,-4.057686030864715576e-01,4.843492507934570312e+00
1.385290813446044922e+01,-5.318209171295166016e+00,2.925314664840698242e+00
1.586887073516845703e+01,-2.680436134338378906e+00,4.410942554473876953e+00
1.485916423797607422e+01,1.413853168487548828e+01,3.908129930496215820e+00
1.495802974700927734e+01,-3.463759422302246094e-01,4.942821025848388672e+00
1.524143600463867188e+01,-1.390595674514770508e+00,4.374441623687744141e+00
-3.020916461944580078e+00,4.169443130493164062e+00,1.459071540832519531e+01
1.516128444671630859e+01,-1.846910953521728516e+00,3.577356815338134766e+00
1.490214824676513672e+01,-2.630749046802520752e-01,4.931832790374755859e+00
6.357492804527282715e-01,6.753638744354248047e+00,-3.618836879730224609e+00
-3.291131019592285156e+00,4.914117336273193359e+00,1.235627746582031250e+01
1.366477298736572266e+01,7.021662235260009766e+00,4.421617507934570312e+00
1.419402790069580078e+01,1.284168434143066406e+01,4.192977905273437500e+00
-3.682270050048828125e+00,4.727455139160156250e+00,1.229411315917968750e+01
1.494901943206787109e+01,1.437228488922119141e+01,5.148492813110351562e+00
1.487496471405029297e+01,-3.989739418029785156e+00,2.987479925155639648e+00
1.378464412689208984e+01,1.430230236053466797e+01,5.833349704742431641e+00
1.411732292175292969e+01,-4.390913009643554688e+00,2.918981552124023438e+00
1.469491767883300781e+01,1.375984191894531250e+01,4.004937171936035156e+00
1.498706150054931641e+01,-7.966967225074768066e-01,4.483926296234130859e+00
1.459492206573486328e+01,1.383440303802490234e+01,3.661959409713745117e+00
1.492360591888427734e+01,-2.469051778316497803e-01,5.002763748168945312e+00
-2.916119098663330078e+00,4.729096412658691406e+00,1.257024002075195312e+01
2.466937750577926636e-01,7.178887844085693359e+00,-3.728762388229370117e+00
-3.040902137756347656e+00,4.890236377716064453e+00,1.246768283843994141e+01
1.549576377868652344e+01,-2.187619924545288086e+00,3.811754941940307617e+00
1.568245697021484375e+01,-2.537278413772583008e+00,3.888261556625366211e+00
-4.018763542175292969e+00,5.996480464935302734e+00,8.250513076782226562e+00
-3.145700931549072266e+00,4.982258319854736328e+00,1.129288959503173828e+01
1.436071681976318359e+01,1.292268276214599609e+01,4.355295658111572266e+00
-3.719812631607055664e+00,5.173505306243896484e+00,1.028697967529296875e+01
-3.740811347961425781e+00,5.201041221618652344e+00,1.024042797088623047e+01
1.387524986267089844e+01,1.280690383911132812e+01,3.939741134643554688e+00
-1.488903641700744629e+00,6.945832252502441406e+00,8.112124443054199219e+00
-3.331854343414306641e+00,4.277801990509033203e+00,1.543712806701660156e+01
1.467201328277587891e+01,1.392362308502197266e+01,3.658700466156005859e+00
1.426212501525878906e+01,1.446611595153808594e+01,5.125607013702392578e+00
1.340737628936767578e+01,-5.789025783538818359e+00,3.003514528274536133e+00
1.433296108245849609e+01,-5.122245788574218750e+00,3.302727222442626953e+00
-1.871168851852416992e+00,6.739400863647460938e+00,8.294339179992675781e+00
-1.536600828170776367e+00,6.895487308502197266e+00,8.162590026855468750e+00
-5.210391044616699219e+00,6.650215625762939453e+00,3.670098304748535156e+00
1.416944313049316406e+01,1.331059265136718750e+01,3.976503372192382812e+00
1.501072502136230469e+01,-1.718490362167358398e+00,3.505752563476562500e+00
-4.053486347198486328e+00,5.806625366210937500e+00,8.555088996887207031e+00
-3.471163272857666016e+00,4.383502006530761719e+00,1.529919052124023438e+01
-3.924672126770019531e+00,6.332332134246826172e+00,8.334089279174804688e+00
8.244002610445022583e-02,5.880017280578613281e+00,-3.893396377563476562e+00
-2.953335285186767578e+00,4.891621112823486328e+00,1.173143100738525391e+01
1.484834480285644531e+01,-4.542888104915618896e-01,4.684721469879150391e+00
1.481096553802490234e+01,2.238264083862304688e-01,5.049490928649902344e+00
1.528077125549316406e+01,-9.727707505226135254e-01,5.013561725616455078e+00
3.887078166007995605e-01,6.957672119140625000e+00,-3.700901031494140625e+00
-3.808983802795410156e+00,4.898211479187011719e+00,1.134688949584960938e+01
1.398591709136962891e+01,1.300845623016357422e+01,3.943139791488647461e+00
4.181536138057708740e-01,6.796804904937744141e+00,-3.418446779251098633e+00
1.492768478393554688e+01,-4.216499805450439453e+00,3.074334144592285156e+00
-3.278573989868164062e+00,5.019378185272216797e+00,1.243430423736572266e+01
5.281400084495544434e-01,5.783830165863037109e+00,-3.663759469985961914e+00
1.490198802947998047e+01,-4.305339813232421875e+00,3.100102663040161133e+00
5.994741246104240417e-02,5.892162322998046875e+00,-3.842864990234375000e+00
1.457300853729248047e+01,1.451517200469970703e+01,5.075417041778564453e+00
1.426180648803710938e+01,1.448852252960205078e+01,5.380783081054687500e+00
-5.761526107788085938e+00,7.768998622894287109e+00,2.402611732482910156e+00
1.530375671386718750e+01,-3.864000082015991211e+00,3.692291498184204102e+00
-5.739514827728271484e+00,7.744268894195556641e+00,2.427880048751831055e+00
1.353040981292724609e+01,1.401160621643066406e+01,5.134031295776367188e+00
-4.070023059844970703e+00,5.785263538360595703e+00,8.544605255126953125e+00
1.475587177276611328e+01,1.380543422698974609e+01,3.905014038085937500e+00
-3.067283868789672852e+00,4.194497585296630859e+00,1.531884860992431641e+01
-4.612162590026855469e+00,4.030025005340576172e+00,1.138842964172363281e+01
-6.981613114476203918e-03,6.912748336791992188e+00,-4.393971443176269531e+00
1.486534023284912109e+01,-4.239754676818847656e+00,2.990067958831787109e+00
-3.090025663375854492e+00,5.119307518005371094e+00,1.215012931823730469e+01
1.529206275939941406e+01,-3.840467929840087891e+00,3.692275524139404297e+00
1.492002296447753906e+01,-6.152417659759521484e-01,4.617854118347167969e+00
-3.688409566879272461e+00,5.759294033050537109e+00,9.256887435913085938e+00
1.583448028564453125e+01,-2.632106781005859375e+00,4.105192661285400391e+00
-3.645639657974243164e+00,4.991971492767333984e+00,1.080763721466064453e+01
-3.174942970275878906e+00,3.993575334548950195e+00,1.568541431427001953e+01
1.399064159393310547e+01,1.340442657470703125e+01,4.123905658721923828e+00
1.502575397491455078e+01,1.396566677093505859e+01,4.393340587615966797e+00
-3.200351238250732422e+00,5.088040828704833984e+00,1.106388092041015625e+01
1.439277267456054688e+01,-3.512418985366821289e+00,2.913702964782714844e+00
1.390029716491699219e+01,1.421259212493896484e+01,5.895383358001708984e+00
1.393207454681396484e+01,1.278966522216796875e+01,4.002363204956054688e+00
-4.060842514038085938e+00,5.767894268035888672e+00,8.542400360107421875e+00
1.527755069732666016e+01,-2.819345235824584961e+00,3.489983558654785156e+00
-4.220017433166503906e+00,4.438071250915527344e+00,1.127284431457519531e+01
-3.440490722656250000e+00,4.427169799804687500e+00,1.527353191375732422e+01
1.399451541900634766e+01,1.438447093963623047e+01,5.729219913482666016e+00
1.453690624237060547e+01,1.376179695129394531e+01,3.679442167282104492e+00
-3.729023933410644531e+00,6.201654911041259766e+00,8.015531539916992188e+00
-5.202695846557617188e+00,6.643599987030029297e+00,3.678918361663818359e+00
1.483973979949951172e+01,1.331126403808593750e+01,4.681887149810791016e+00
1.536995029449462891e+01,-1.907308340072631836e+00,3.947248935699462891e+00
-3.317173242568969727e+00,5.053060531616210938e+00,1.203039741516113281e+01
-3.948027849197387695e+00,6.256384372711181641e+00,8.215861320495605469e+00
2.550070285797119141e-01,7.027843952178955078e+00,-3.917501449584960938e+00
-4.077419281005859375e+00,5.775263786315917969e+00,8.570417404174804688e+00
-3.313348531723022461e+00,5.148369789123535156e+00,1.084802246093750000e+01
1.474915409088134766e+01,1.426057624816894531e+01,4.409422397613525391e+00
-3.748586177825927734e+00,4.202260494232177734e+00,1.507311534881591797e+01
1.444539165496826172e+01,1.410749530792236328e+01,4.097171783447265625e+00
-3.441505908966064453e+00,4.989377498626708984e+00,1.272638130187988281e+01
1.510681819915771484e+01,-3.491186857223510742e+00,3.201004266738891602e+00
1.360993957519531250e+01,1.423945426940917969e+01,5.717735290527343750e+00
-3.289031505584716797e+00,5.020338058471679688e+00,1.093277740478515625e+01
1.372611618041992188e+01,1.430213451385498047e+01,5.814143657684326172e+00
1.532904434204101562e+01,-3.398968219757080078e+00,3.289556264877319336e+00
1.494089126586914062e+01,-2.499081134796142578e+00,4.175923347473144531e+00
1.354356670379638672e+01,1.399379730224609375e+01,5.072111129760742188e+00
1.504993724822998047e+01,-2.854951858520507812e+00,4.033527374267578125e+00
5.403531342744827271e-02,7.131521701812744141e+00,-4.153129577636718750e+00
1.423842525482177734e+01,-4.371966838836669922e+00,3.011287927627563477e+00
1.397139930725097656e+01,1.436774253845214844e+01,5.755402565002441406e+00
-3.365512847900390625e+00,6.230745792388916016e+00,8.403705596923828125e+00
-3.766281604766845703e+00,4.555834293365478516e+00,1.209204101562500000e+01
1.503656864166259766e+01,-8.934344649314880371e-01,4.487063407897949219e+00
7.772889137268066406e-01,6.628382682800292969e+00,-3.570176362991333008e+00
1.578131866455078125e+01,-2.421117544174194336e+00,4.319139480590820312e+00
-2.709034681320190430e+00,5.353726387023925781e+00,1.182974052429199219e+01
1.485692882537841797e+01,-4.293001651763916016e+00,3.026920080184936523e+00
1.548222351074218750e+01,-3.316473484039306641e+00,3.371819019317626953e+00
-2.774944782257080078e+00,5.116712570190429688e+00,1.198923587799072266e+01
1.482574844360351562e+01,2.258671671152114868e-01,5.076819896697998047e+00
-1.536625504493713379e+00,6.931366920471191406e+00,8.127932548522949219e+00
-3.743793010711669922e+00,4.241204738616943359e+00,1.510507297515869141e+01
-3.189899921417236328e+00,5.119236946105957031e+00,1.103124427795410156e+01
-3.676103353500366211e+00,5.188896656036376953e+00,1.077106380462646484e+01
-3.266150712966918945e+00,6.067581653594970703e+00,9.022430419921875000e+00
1.489400577545166016e+01,-3.384489059448242188e+00,3.619421958923339844e+00
-3.718877077102661133e+00,5.235027790069580078e+00,1.024952030181884766e+01
1.589341354370117188e+01,-2.715297937393188477e+00,4.533561706542968750e+00
6.986213326454162598e-01,6.717576026916503906e+00,-4.210929870605468750e+00
9.984605759382247925e-02,5.811229228973388672e+00,-3.901863336563110352e+00
1.486506557464599609e+01,8.399585634469985962e-02,5.122715950012207031e+00
1.365184307098388672e+01,1.421587657928466797e+01,5.767285346984863281e+00
1.344430923461914062e+01,-5.745828151702880859e+00,2.920807600021362305e+00
1.456580829620361328e+01,1.441985321044921875e+01,4.906743526458740234e+00
-2.757816553115844727e+00,5.118570804595947266e+00,1.193385410308837891e+01
1.524233913421630859e+01,-3.775381088256835938e+00,3.394364833831787109e+00
1.380168724060058594e+01,7.056656837463378906e+00,4.305755138397216797e+00
6.502991318702697754e-01,6.397394657135009766e+00,-3.747365713119506836e+00
6.073068976402282715e-01,6.601349830627441406e+00,-3.971556425094604492e+00
1.331282138824462891e+01,6.789282798767089844e+00,4.722240924835205078e+00
-3.180807352066040039e+00,4.338994503021240234e+00,1.509477519989013672e+01
-3.174345493316650391e+00,5.169956207275390625e+00,1.188639831542968750e+01
1.586348438262939453e+01,-2.555251598358154297e+00,4.735131740570068359e+00
1.388856410980224609e+01,1.434015846252441406e+01,5.827807903289794922e+00
-3.183928489685058594e+00,4.953387260437011719e+00,1.234672641754150391e+01
7.831466197967529297e-01,6.468493461608886719e+00,-3.932011127471923828e+00
-3.665260314941406250e+00,5.055366992950439453e+00,1.236692237854003906e+01
1.392657184600830078e+01,1.359093952178955078e+01,4.301934719085693359e+00
1.436591911315917969e+01,-4.787693023681640625e+00,2.797862768173217773e+00
1.482156753540039062e+01,1.317018127441406250e+01,4.685778141021728516e+00
-2.951915979385375977e+00,5.311740875244140625e+00,1.171898746490478516e+01
1.087834089994430542e-01,7.259104251861572266e+00,-4.223716259002685547e+00
1.526620101928710938e+01,1.398333263397216797e+01,4.304693698883056641e+00
1.450916194915771484e+01,-3.388900279998779297e+00,2.975016832351684570e+00
1.329403018951416016e+01,6.814106941223144531e+00,4.710922241210937500e+00
1.444924354553222656e+01,1.300510692596435547e+01,4.449145793914794922e+00
6.814113855361938477e-01,6.259026050567626953e+00,-3.506006717681884766e+00
1.360805130004882812e+01,6.978803157806396484e+00,4.481338500976562500e+00
1.343084526062011719e+01,6.864904403686523438e+00,4.650715351104736328e+00
1.466893959045410156e+01,1.392403888702392578e+01,3.677361249923706055e+00
1.409290790557861328e+01,1.443667984008789062e+01,5.416552543640136719e+00
1.536405849456787109e+01,1.448980140686035156e+01,4.968343734741210938e+00
-3.280890941619873047e+00,5.331786155700683594e+00,1.126646709442138672e+01
1.688158959150314331e-01,7.202913761138916016e+00,-4.297556400299072266e+00
1.513917827606201172e+01,-1.453683495521545410e+00,3.942136764526367188e+00
-3.527715444564819336e+00,5.199948787689208984e+00,1.172137928009033203e+01
1.499764347076416016e+01,-4.435967803001403809e-01,4.884717941284179688e+00
-4.494008541107177734e+00,4.148880958557128906e+00,1.136985015869140625e+01
-3.491299867630004883e+00,5.412445545196533203e+00,1.107281208038330078e+01
7.339974045753479004e-01,6.054793357849121094e+00,-3.706444501876831055e+00
1.501751995086669922e+01,1.406939792633056641e+01,3.793134689331054688e+00
-3.411668300628662109e+00,5.190275669097900391e+00,1.069796371459960938e+01
-2.977658748626708984e+00,4.203993797302246094e+00,1.457131671905517578e+01
6.874604821205139160e-01,6.744034767150878906e+00,-4.131652832031250000e+00
1.520226860046386719e+01,-1.695097923278808594e+00,3.719322204589843750e+00
1.394139099121093750e+01,1.287989521026611328e+01,3.995602846145629883e+00
-3.273741006851196289e+00,4.054389953613281250e+00,1.554728126525878906e+01
1.383487987518310547e+01,1.283692741394042969e+01,3.900349617004394531e+00
8.797008395195007324e-01,6.198557853698730469e+00,-3.882986068725585938e+00
-3.196837902069091797e+00,4.339292049407958984e+00,1.511502075195312500e+01
-5.222497463226318359e+00,6.661252975463867188e+00,3.658728837966918945e+00
-3.118799448013305664e+00,3.960953712463378906e+00,1.498353290557861328e+01
-3.670819282531738281e+00,4.387171268463134766e+00,1.526721286773681641e+01
1.415489387512207031e+01,-5.057284832000732422e+00,3.010128259658813477e+00
7.808628082275390625e-01,6.435165405273437500e+00,-4.160506725311279297e+00
1.448090553283691406e+01,-4.476397037506103516e+00,3.061892986297607422e+00
