1.063537216186523438e+01,3.055373430252075195e+00
1.053830432891845703e+01,2.560500144958496094e+00
1.013694667816162109e+01,2.352719306945800781e+00
-1.840838789939880371e+00,-1.134642243385314941e+00
-2.089216709136962891e+00,-2.444809675216674805e+00
-1.804336190223693848e+00,-4.728560745716094971e-01
-2.474247932434082031e+00,-1.160356521606445312e+00
-2.224308013916015625e+00,5.868799686431884766e+00
1.050637149810791016e+01,2.144720315933227539e+00
9.930988311767578125e+00,2.856903314590454102e+00
-1.955047845840454102e+00,-1.935023069381713867e+00
1.141732311248779297e+01,2.459772348403930664e+00
-2.715122222900390625e+00,-1.625309109687805176e+00
1.019281959533691406e+01,1.820877194404602051e+00
-2.473664760589599609e+00,-5.350747704505920410e-02
-3.245111465454101562e+00,5.920665264129638672e+00
1.605207204818725586e+00,7.441372394561767578e+00
1.577668905258178711e+00,6.563593864440917969e+00
1.080311393737792969e+01,1.938575625419616699e+00
-1.296392917633056641e+00,6.258771896362304688e+00
-2.708491325378417969e+00,6.007842540740966797e+00
2.609699964523315430e+00,7.882999897003173828e+00
-2.415432691574096680e+00,-1.029884099960327148e+00
-1.263655066490173340e+00,6.204217433929443359e+00
2.690604686737060547e+00,6.577762603759765625e+00
1.822772026062011719e+00,6.764424324035644531e+00
-2.566187858581542969e+00,-5.855998992919921875e-01
2.675784349441528320e+00,7.469425201416015625e+00
2.144931793212890625e+00,6.143089771270751953e+00
2.474351406097412109e+00,7.320147514343261719e+00
1.002798461914062500e+01,2.816207170486450195e+00
1.036731529235839844e+01,2.948951959609985352e+00
1.655060052871704102e+00,6.823413372039794922e+00
-2.356178998947143555e+00,-1.147397041320800781e+00
-2.260167598724365234e+00,6.178760051727294922e+00
2.481156587600708008e+00,7.991231918334960938e+00
-2.720565795898437500e+00,-1.189015358686447144e-01
1.631531596183776855e+00,6.935532569885253906e+00
-3.101978302001953125e+00,-1.274785637855529785e+00
2.321392059326171875e+00,6.544651985168457031e+00
-2.992299795150756836e+00,-1.429475426673889160e+00
2.163417339324951172e+00,7.774216651916503906e+00
-1.874550819396972656e+00,6.036375522613525391e+00
1.097700405120849609e+01,2.251510143280029297e+00
2.163256645202636719e+00,7.021402359008789062e+00
2.271246433258056641e+00,7.012493133544921875e+00
-2.241476297378540039e+00,-8.820981979370117188e-01
-3.405384778976440430e+00,5.479067802429199219e+00
-3.070779323577880859e+00,-1.798291325569152832e+00
-2.023790836334228516e+00,-2.587133049964904785e-01
9.989575386047363281e+00,1.550426840782165527e+00
-2.827548265457153320e+00,-1.899670839309692383e+00
-2.192605495452880859e+00,-6.721776723861694336e-01
-2.138618469238281250e+00,5.536641120910644531e+00
-2.438435554504394531e+00,-1.683939218521118164e+00
-2.390497446060180664e+00,5.534099102020263672e+00
-2.251751661300659180e+00,6.437582015991210938e+00
9.940204620361328125e+00,2.312251806259155273e+00
-2.612129211425781250e+00,-2.245512485504150391e+00
1.056821918487548828e+01,3.115657567977905273e+00
-2.077779531478881836e+00,-2.395875453948974609e+00
-2.386267423629760742e+00,-9.040676951408386230e-01
1.030337142944335938e+01,1.836066007614135742e+00
-2.161695480346679688e+00,-2.246308326721191406e+00
-2.170210838317871094e+00,6.107715129852294922e+00
-3.262739658355712891e+00,-1.700845360755920410e+00
3.362957477569580078e+00,7.047686100006103516e+00
-2.018413782119750977e+00,-9.303069114685058594e-01
-1.879702091217041016e+00,6.324151039123535156e+00
-1.234253287315368652e+00,6.186853408813476562e+00
9.746971130371093750e+00,2.509543657302856445e+00
-3.331737279891967773e+00,-1.405629396438598633e+00
-3.028788089752197266e+00,-1.694642424583435059e+00
-2.444373130798339844e+00,-2.250989437103271484e+00
-3.273149967193603516e+00,4.976581096649169922e+00
-2.506649017333984375e+00,4.605331897735595703e+00
-2.626837730407714844e+00,5.343486785888671875e+00
2.520302057266235352e+00,7.908728122711181641e+00
1.028245162963867188e+01,1.949590682983398438e+00
-2.369084358215332031e+00,-5.169194936752319336e-01
-3.308385133743286133e+00,5.544767856597900391e+00
2.455109834671020508e+00,7.736453056335449219e+00
-3.253940343856811523e+00,-1.035981893539428711e+00
1.059169006347656250e+01,2.531944751739501953e+00
-2.061165332794189453e+00,6.169265270233154297e+00
9.924184799194335938e+00,1.970907926559448242e+00
3.026015996932983398e+00,7.495454788208007812e+00
-2.848658323287963867e+00,5.502187252044677734e+00
-2.662876844406127930e+00,4.956537246704101562e+00
-3.400756359100341797e+00,-1.505056858062744141e+00
1.079155921936035156e+01,2.983463764190673828e+00
-2.801148176193237305e+00,6.351752281188964844e+00
1.772920131683349609e+00,7.749185085296630859e+00
-2.731285810470581055e+00,-1.284853100776672363e+00
1.058455181121826172e+01,2.892476320266723633e+00
1.056247520446777344e+01,2.098300933837890625e+00
1.035109901428222656e+01,2.541699886322021484e+00
-1.839972615242004395e+00,-7.751572132110595703e-01
-3.004041433334350586e+00,-9.411014318466186523e-01
-3.347584724426269531e+00,-1.633151531219482422e+00
9.839771270751953125e+00,1.574138998985290527e+00
1.008553504943847656e+01,1.937236905097961426e+00
-3.228676557540893555e+00,6.263284206390380859e+00
-2.169192790985107422e+00,-1.750872433185577393e-01
1.065499114990234375e+01,2.220183134078979492e+00
3.365488529205322266e+00,6.917945861816406250e+00
-2.959233999252319336e+00,-1.824568867683410645e+00
9.979483604431152344e+00,1.292628645896911621e+00
-2.786869287490844727e+00,5.155232906341552734e+00
1.007106018066406250e+01,2.851556062698364258e+00
1.055733394622802734e+01,1.237591147422790527e+00
1.037300109863281250e+01,3.005190134048461914e+00
-2.930055618286132812e+00,6.073179721832275391e+00
-2.981186151504516602e+00,5.283694744110107422e+00
-3.452477216720581055e+00,-1.547985196113586426e+00
-2.294895172119140625e+00,5.138379573822021484e+00
-2.174091577529907227e+00,5.638516902923583984e+00
-2.988638162612915039e+00,4.995201110839843750e+00
-2.897147893905639648e+00,-1.085930585861206055e+00
1.225701928138732910e+00,6.605094432830810547e+00
1.176987290382385254e+00,6.559237003326416016e+00
1.997181415557861328e+00,6.027146816253662109e+00
-2.475654602050781250e+00,5.341084480285644531e+00
-3.173160552978515625e+00,5.460713863372802734e+00
2.293775558471679688e+00,6.756961345672607422e+00
-2.663705348968505859e+00,6.107833385467529297e+00
-2.199039220809936523e+00,-2.286714792251586914e+00
2.524168729782104492e+00,6.578896045684814453e+00
-2.995979547500610352e+00,6.522886276245117188e+00
-2.475023508071899414e+00,-1.272275000810623169e-01
-2.984491348266601562e+00,-7.932513952255249023e-01
1.039690876007080078e+01,1.990384340286254883e+00
-2.756038427352905273e+00,-8.223423361778259277e-01
-2.826232194900512695e+00,-9.982817769050598145e-01
-1.732599377632141113e+00,-6.512079387903213501e-03
2.225201368331909180e+00,7.602579116821289062e+00
-2.306218862533569336e+00,6.010542392730712891e+00
-3.033574581146240234e+00,-1.185250997543334961e+00
-2.979813814163208008e+00,5.332647800445556641e+00
9.807141304016113281e+00,2.433356523513793945e+00
1.078634452819824219e+01,2.325287818908691406e+00
-1.883325934410095215e+00,-1.814938664436340332e+00
2.149688720703125000e+00,6.795674800872802734e+00
1.015388011932373047e+01,2.015209674835205078e+00
-2.582807540893554688e+00,-9.285864233970642090e-02
1.057340240478515625e+01,2.804183721542358398e+00
-2.906339883804321289e+00,5.202875137329101562e+00
-2.019377946853637695e+00,-1.619726777076721191e+00
-3.145399808883666992e+00,-1.053306698799133301e+00
-2.393422126770019531e+00,5.599731445312500000e+00
-1.858517408370971680e+00,-6.248613595962524414e-01
-3.243199586868286133e+00,6.081807136535644531e+00
3.328166484832763672e+00,6.780153274536132812e+00
-3.206869840621948242e+00,5.637231826782226562e+00
1.114741325378417969e+01,2.445866346359252930e+00
1.365622997283935547e+00,6.375814914703369141e+00
-2.369528055191040039e+00,6.234320163726806641e+00
1.963126301765441895e+00,7.347792148590087891e+00
2.565075397491455078e+00,7.744610786437988281e+00
-3.162623405456542969e+00,5.876446723937988281e+00
-2.803752183914184570e+00,6.466554164886474609e+00
1.080384540557861328e+01,2.947685956954956055e+00
2.011875152587890625e+00,7.665233612060546875e+00
-1.887725949287414551e+00,-2.023269891738891602e+00
2.599577426910400391e+00,7.564761638641357422e+00
-2.830046892166137695e+00,5.836693286895751953e+00
9.800257682800292969e+00,3.206199645996093750e+00
2.101736545562744141e+00,7.525099754333496094e+00
3.355863094329833984e+00,7.076120853424072266e+00
-2.198771953582763672e+00,-2.430087327957153320e+00
2.366508722305297852e+00,7.276188850402832031e+00
2.246787548065185547e+00,5.933030605316162109e+00
1.106110858917236328e+01,2.911258459091186523e+00
1.016445636749267578e+01,2.549185991287231445e+00
-3.199174880981445312e+00,-1.284974217414855957e+00
-2.436034440994262695e+00,-2.147926807403564453e+00
2.077225923538208008e+00,7.164904117584228516e+00
-2.717075109481811523e+00,2.541891634464263916e-01
-3.234848737716674805e+00,-1.045938611030578613e+00
2.311809301376342773e+00,6.084211826324462891e+00
-2.053426504135131836e+00,-8.768026828765869141e-01
-1.977868556976318359e+00,-1.214280843734741211e+00
-1.997587203979492188e+00,6.196454524993896484e+00
-2.801173686981201172e+00,4.305408298969268799e-01
-2.700962066650390625e+00,-1.519607305526733398e+00
-2.812302827835083008e+00,-7.144049275666475296e-03
-3.266191720962524414e+00,-8.940548896789550781e-01
1.109842681884765625e+01,2.797800779342651367e+00
-2.647251605987548828e+00,5.339583873748779297e+00
1.037891006469726562e+01,1.001998186111450195e+00
1.016082763671875000e+01,1.105323553085327148e+00
9.951304435729980469e+00,2.743077993392944336e+00
1.070565509796142578e+01,1.557955384254455566e+00
1.444763302803039551e+00,6.841267108917236328e+00
1.083131027221679688e+01,2.488620281219482422e+00
-1.374632239341735840e+00,6.139242649078369141e+00
-2.502121210098266602e+00,-2.285405874252319336e+00
2.300931692123413086e+00,6.736876487731933594e+00
1.082224178314208984e+01,3.002131462097167969e+00
1.105921077728271484e+01,2.631809234619140625e+00
2.316562891006469727e+00,6.105565547943115234e+00
1.074967861175537109e+01,2.957305908203125000e+00
1.122281742095947266e+01,2.606261014938354492e+00
-3.408304452896118164e+00,-6.634503006935119629e-01
1.109293079376220703e+01,2.669923782348632812e+00
1.004992103576660156e+01,1.198126316070556641e+00
-3.074844121932983398e+00,6.190986633300781250e+00
-3.447528600692749023e+00,6.203056812286376953e+00
-2.863924503326416016e+00,5.574530124664306641e+00
-2.866068124771118164e+00,6.445943355560302734e+00
1.070840072631835938e+01,2.006642580032348633e+00
-2.794572591781616211e+00,-1.306486010551452637e+00
1.247125387191772461e+00,6.586494922637939453e+00
3.179229259490966797e+00,7.377542972564697266e+00
-2.361956834793090820e+00,-2.265449762344360352e+00
1.009158897399902344e+01,2.214675903320312500e+00
1.035233974456787109e+01,2.500657558441162109e+00
-2.369493484497070312e+00,-2.236671924591064453e+00
2.180188417434692383e+00,6.115587234497070312e+00
-2.034305810928344727e+00,-6.425885111093521118e-02
-2.012328147888183594e+00,-9.916381239891052246e-01
-2.671535491943359375e+00,-9.722197651863098145e-01
1.686276435852050781e+00,6.914396762847900391e+00
1.778336763381958008e+00,7.617082118988037109e+00
-2.185851812362670898e+00,-7.912731170654296875e-01
2.474065542221069336e+00,6.260778427124023438e+00
1.039371204376220703e+01,1.629373073577880859e+00
-2.322378635406494141e+00,-2.159024238586425781e+00
-3.135441064834594727e+00,4.862577438354492188e+00
-2.834752798080444336e+00,6.599411487579345703e+00
1.071662235260009766e+01,2.082012891769409180e+00
1.740488767623901367e+00,6.919540405273437500e+00
-3.162475109100341797e+00,-1.636040925979614258e+00
2.405570745468139648e+00,7.453400135040283203e+00
-3.549806118011474609e+00,6.154669284820556641e+00
9.889367103576660156e+00,1.249206066131591797e+00
-2.644034147262573242e+00,5.679686546325683594e+00
1.091635513305664062e+01,2.709454774856567383e+00
9.932736396789550781e+00,1.977482676506042480e+00
-2.511277675628662109e+00,-4.591417610645294189e-01
2.357689142227172852e+00,7.863093376159667969e+00
-2.358531475067138672e+00,-1.551731526851654053e-01
2.315427541732788086e+00,6.096988201141357422e+00
9.994281768798828125e+00,2.331593751907348633e+00
-3.460943460464477539e+00,-1.752266287803649902e+00
1.012967205047607422e+01,2.212303400039672852e+00
1.994594693183898926e+00,7.675669670104980469e+00
1.099698066711425781e+01,2.850090742111206055e+00
1.714643359184265137e+00,7.202494621276855469e+00
1.039807605743408203e+01,2.949024438858032227e+00
-2.998925209045410156e+00,5.662753105163574219e+00
2.411456108093261719e+00,6.171744823455810547e+00
-2.898040771484375000e+00,5.724086284637451172e+00
1.000089740753173828e+01,2.005487203598022461e+00
-3.173464775085449219e+00,6.482634067535400391e+00
-2.818443298339843750e+00,-9.915260672569274902e-01
-2.044202327728271484e+00,-5.121093392372131348e-01
-3.468241214752197266e+00,6.129585742950439453e+00
-3.308354139328002930e+00,6.046565532684326172e+00
-2.908039569854736328e+00,5.076904296875000000e+00
-3.148877143859863281e+00,4.966671466827392578e+00
-2.159116506576538086e+00,-1.090066313743591309e+00
9.888511657714843750e+00,2.289758920669555664e+00
1.013592338562011719e+01,2.616565704345703125e+00
-3.341638565063476562e+00,-1.460442781448364258e+00
-2.067010164260864258e+00,5.640675544738769531e+00
-2.563345432281494141e+00,5.913907051086425781e+00
1.600709438323974609e+00,6.630236625671386719e+00
9.845318794250488281e+00,1.356930851936340332e+00
-3.403983592987060547e+00,6.229538440704345703e+00
-3.310679197311401367e+00,5.589392185211181641e+00
2.116045713424682617e+00,7.568258285522460938e+00
1.785759329795837402e+00,7.069963932037353516e+00
-3.087843894958496094e+00,6.936383724212646484e+00
-3.052368879318237305e+00,4.976690769195556641e+00
-1.884711623191833496e+00,-7.394396066665649414e-01
-2.628431797027587891e+00,2.298717200756072998e-02
1.105138206481933594e+01,2.754917860031127930e+00
-1.365293860435485840e+00,6.204655647277832031e+00
1.013391971588134766e+01,2.095263481140136719e+00
-1.970140933990478516e+00,-8.840309381484985352e-01
-2.418760061264038086e+00,-1.288613438606262207e+00
-2.276173114776611328e+00,5.397931575775146484e+00
9.937915802001953125e+00,2.339691638946533203e+00
-2.558416604995727539e+00,6.374186038970947266e+00
2.310462713241577148e+00,6.819912433624267578e+00
1.069211483001708984e+01,2.847016334533691406e+00
-2.121493339538574219e+00,6.143778800964355469e+00
-3.192753076553344727e+00,6.928543090820312500e+00
-3.172832250595092773e+00,-5.203542709350585938e-01
-3.024225711822509766e+00,5.843362331390380859e+00
1.194581985473632812e+00,6.552621364593505859e+00
2.012034416198730469e+00,7.547999858856201172e+00
2.387647390365600586e+00,6.214620113372802734e+00
-3.029074192047119141e+00,5.489838123321533203e+00
-3.151269674301147461e+00,5.923086643218994141e+00
-3.004184722900390625e+00,-2.055851459503173828e+00
9.960733413696289062e+00,1.935497999191284180e+00
1.422285556793212891e+00,6.852218627929687500e+00
-3.265464782714843750e+00,-1.829618692398071289e+00
-3.259444475173950195e+00,-1.373496413230895996e+00
1.040877628326416016e+01,1.075731992721557617e+00
-2.910492181777954102e+00,-1.729781627655029297e+00
-2.627002000808715820e+00,6.307992935180664062e+00
1.005504512786865234e+01,2.642833709716796875e+00
-3.090669870376586914e+00,6.950608253479003906e+00
1.070556068420410156e+01,2.392791748046875000e+00
-2.241348743438720703e+00,6.472558498382568359e+00
-2.552843809127807617e+00,6.207559585571289062e+00
-2.268538475036621094e+00,-9.514563679695129395e-01
3.440711498260498047e+00,7.136042118072509766e+00
1.834080815315246582e+00,6.739640712738037109e+00
2.373525619506835938e+00,6.253720760345458984e+00
1.088583183288574219e+01,1.720036029815673828e+00
-3.129411220550537109e+00,5.093559741973876953e+00
1.039662647247314453e+01,2.299120187759399414e+00
-3.039995670318603516e+00,6.238328456878662109e+00
-3.236795902252197266e+00,5.242374897003173828e+00
1.999833345413208008e+00,6.472270965576171875e+00
1.121409988403320312e+01,2.170730829238891602e+00
-1.896391510963439941e+00,-4.151252806186676025e-01
2.035769939422607422e+00,6.869011878967285156e+00
-2.683655738830566406e+00,6.385701179504394531e+00
9.762464523315429688e+00,2.474811315536499023e+00
-1.820997714996337891e+00,-8.974062800407409668e-01
-2.409560918807983398e+00,-7.966988682746887207e-01
1.030687427520751953e+01,9.863480329513549805e-01
1.986465334892272949e+00,7.563891887664794922e+00
-1.926890373229980469e+00,5.912556171417236328e+00
-2.335643291473388672e+00,-9.837652444839477539e-01
1.333577752113342285e+00,6.951648712158203125e+00
-2.508650064468383789e+00,-3.762439489364624023e-01
-2.185465335845947266e+00,-1.678364574909210205e-01
-2.778376579284667969e+00,-2.144291400909423828e+00
-2.444170713424682617e+00,-2.302802354097366333e-01
1.116905117034912109e+01,2.057319164276123047e+00
-2.983348608016967773e+00,-4.160103499889373779e-01
-2.665521621704101562e+00,5.013308525085449219e+00
1.097873020172119141e+01,2.812400579452514648e+00
2.046579360961914062e+00,7.212125301361083984e+00
-3.149148702621459961e+00,6.098888874053955078e+00
-2.730184316635131836e+00,-1.007972002029418945e+00
2.630348205566406250e+00,7.746289730072021484e+00
1.134277629852294922e+01,2.226666212081909180e+00
-2.112286806106567383e+00,6.336829662322998047e+00
-3.128135681152343750e+00,5.583018302917480469e+00
1.948355913162231445e+00,6.184110641479492188e+00
-2.110695362091064453e+00,-2.105743646621704102e+00
1.743612647056579590e+00,6.857906341552734375e+00
2.528795003890991211e+00,6.893005847930908203e+00
1.140597915649414062e+01,2.458536148071289062e+00
-3.108431100845336914e+00,6.905079364776611328e+00
2.567686796188354492e+00,7.701846122741699219e+00
1.099228572845458984e+01,2.167073249816894531e+00
-2.827785968780517578e+00,5.592746257781982422e+00
-3.357309818267822266e+00,5.580030441284179688e+00
1.884543418884277344e+00,7.448418617248535156e+00
-2.387220859527587891e+00,6.554579257965087891e+00
2.224363327026367188e+00,7.814788818359375000e+00
-2.538215637207031250e+00,-2.133434534072875977e+00
-2.876361846923828125e+00,6.003372192382812500e+00
1.099142169952392578e+01,2.925231218338012695e+00
9.919412612915039062e+00,1.548803329467773438e+00
-3.117203474044799805e+00,-1.436781734228134155e-01
1.043497467041015625e+01,1.085091471672058105e+00
3.373038291931152344e+00,6.899765014648437500e+00
-2.727190256118774414e+00,5.758546352386474609e+00
1.056970691680908203e+01,2.699491739273071289e+00
1.030314350128173828e+01,2.273999214172363281e+00
2.353351354598999023e+00,6.750111103057861328e+00
1.380158305168151855e+00,6.951543807983398438e+00
-3.188829183578491211e+00,-1.736387968063354492e+00
-2.803668022155761719e+00,-7.030992507934570312e-01
3.231565237045288086e+00,7.132204532623291016e+00
-2.305108785629272461e+00,-1.592972502112388611e-02
-1.780498504638671875e+00,5.905392646789550781e+00
-2.029637575149536133e+00,-3.851790130138397217e-01
1.132606887817382812e+01,2.528620481491088867e+00
1.124079704284667969e+01,2.645074844360351562e+00
-3.103831291198730469e+00,-1.166450262069702148e+00
-2.505557060241699219e+00,6.256175041198730469e+00
-2.462578773498535156e+00,-1.614218592643737793e+00
-2.031930685043334961e+00,-2.144693374633789062e+00
-2.532274007797241211e+00,5.538555622100830078e+00
-3.445292711257934570e+00,-1.095586538314819336e+00
1.512687683105468750e+00,6.972089767456054688e+00
-3.371958255767822266e+00,-1.630600571632385254e+00
-2.538813114166259766e+00,4.983803749084472656e+00
1.072733879089355469e+01,2.510085344314575195e+00
1.027781963348388672e+01,1.040013074874877930e+00
1.881062626838684082e+00,6.657478332519531250e+00
2.204532623291015625e+00,7.093858718872070312e+00
-3.038204669952392578e+00,4.928311347961425781e+00
1.015900135040283203e+01,2.358277082443237305e+00
-3.197968721389770508e+00,4.853213787078857422e+00
3.296658039093017578e+00,7.252969741821289062e+00
-1.280666589736938477e+00,6.049878120422363281e+00
-2.482213735580444336e+00,-2.306127786636352539e+00
1.091938877105712891e+01,2.580592155456542969e+00
1.017539024353027344e+01,2.197185754776000977e+00
1.051355838775634766e+01,2.222153902053833008e+00
-2.228265047073364258e+00,-3.671836853027343750e-01
-3.480261325836181641e+00,6.309471607208251953e+00
-2.653203248977661133e+00,-1.073311209678649902e+00
-2.655826330184936523e+00,5.807839393615722656e+00
-2.397432327270507812e+00,-5.345491766929626465e-01
-3.465032577514648438e+00,-1.630193233489990234e+00
-2.597139596939086914e+00,5.581756114959716797e+00
2.131680250167846680e+00,6.112174987792968750e+00
2.463203907012939453e+00,7.453248023986816406e+00
1.047098159790039062e+01,2.812869310379028320e+00
3.177390813827514648e+00,7.390981674194335938e+00
-2.375309705734252930e+00,6.044981479644775391e+00
-2.267416715621948242e+00,5.666218280792236328e+00
2.171711921691894531e+00,7.031786918640136719e+00
-2.902969837188720703e+00,-2.403246313333511353e-01
-3.308929681777954102e+00,5.683138847351074219e+00
-2.473258256912231445e+00,5.652856826782226562e+00
1.106018733978271484e+01,2.119393348693847656e+00
1.106825256347656250e+01,1.785837292671203613e+00
-2.835722923278808594e+00,5.413343906402587891e+00
-2.313748121261596680e+00,-7.323879003524780273e-01
2.431965827941894531e+00,7.051762104034423828e+00
-2.050696611404418945e+00,-2.119432210922241211e+00
1.045516610145568848e+00,6.487773895263671875e+00
-2.984275579452514648e+00,6.089221954345703125e+00
2.251410484313964844e+00,6.772518634796142578e+00
-2.140151977539062500e+00,-1.074549913406372070e+00
-2.200422525405883789e+00,-1.970873832702636719e+00
1.908043503761291504e+00,6.113711357116699219e+00
-2.548561811447143555e+00,-1.132667541503906250e+00
2.458647727966308594e+00,7.628546714782714844e+00
1.710231184959411621e+00,7.445041179656982422e+00
-3.204196929931640625e+00,5.337864398956298828e+00
-2.364197015762329102e+00,-2.129228115081787109e+00
2.390950679779052734e+00,6.847424507141113281e+00
-3.126511096954345703e+00,6.157406330108642578e+00
-3.271595239639282227e+00,-1.934557914733886719e+00
1.070059871673583984e+01,1.781030058860778809e+00
1.031912231445312500e+01,2.127245664596557617e+00
3.031425237655639648e+00,6.569122314453125000e+00
-3.145453929901123047e+00,5.493431091308593750e+00
1.035143470764160156e+01,2.054164648056030273e+00
1.109200668334960938e+01,2.327817916870117188e+00
-2.401165723800659180e+00,-8.926141858100891113e-01
-3.279243469238281250e+00,5.190494537353515625e+00
-2.727333545684814453e+00,4.924699306488037109e+00
2.161322593688964844e+00,5.971715927124023438e+00
1.091884899139404297e+01,2.284634828567504883e+00
-2.638102293014526367e+00,5.093519210815429688e+00
-2.678606033325195312e+00,5.846993446350097656e+00
-3.541660785675048828e+00,5.942842006683349609e+00
-1.992362260818481445e+00,-1.354854464530944824e+00
1.109906005859375000e+01,2.814261436462402344e+00
-3.440358877182006836e+00,-6.669813990592956543e-01
-2.140856981277465820e+00,-2.103022336959838867e+00
-2.164859056472778320e+00,-6.714462637901306152e-01
9.809934616088867188e+00,1.740255355834960938e+00
1.008948612213134766e+01,2.692299842834472656e+00
-3.179330587387084961e+00,6.099311351776123047e+00
-2.280725002288818359e+00,6.318935871124267578e+00
9.960668563842773438e+00,2.214235544204711914e+00
-3.569119691848754883e+00,5.919978618621826172e+00
1.032643032073974609e+01,2.619064807891845703e+00
-3.513925790786743164e+00,-1.664875388145446777e+00
-3.397915840148925781e+00,-1.824489474296569824e+00
-2.685811519622802734e+00,5.633108615875244141e+00
1.073363685607910156e+01,2.584666490554809570e+00
1.396793842315673828e+00,7.111234188079833984e+00
-2.765014171600341797e+00,5.514905452728271484e+00
9.709647178649902344e+00,3.181523561477661133e+00
-1.229183912277221680e+00,6.121168136596679688e+00
-3.014478683471679688e+00,-1.554747104644775391e+00
2.000196695327758789e+00,6.648690223693847656e+00
-3.224109411239624023e+00,-1.662523031234741211e+00
2.950991153717041016e+00,7.459170818328857422e+00
-3.138006210327148438e+00,5.910471439361572266e+00
3.140847921371459961e+00,6.860703468322753906e+00
1.037741470336914062e+01,1.799995303153991699e+00
1.056806182861328125e+01,1.551548600196838379e+00
-3.369293928146362305e+00,5.423894882202148438e+00
1.066376018524169922e+01,2.375995397567749023e+00
1.941728115081787109e+00,7.328491687774658203e+00
-1.937994480133056641e+00,5.640055179595947266e+00
1.031522750854492188e+01,2.795300960540771484e+00
1.090497684478759766e+01,2.796373844146728516e+00
-3.365885972976684570e+00,5.732771396636962891e+00
-2.274500131607055664e+00,-2.311097234487533569e-01
1.109626388549804688e+01,2.429900884628295898e+00
-2.393824338912963867e+00,-1.431258201599121094e+00
-2.194612503051757812e+00,-1.312163829803466797e+00
-3.147814035415649414e+00,-1.615745425224304199e+00
-2.721067190170288086e+00,6.514904022216796875e+00
3.429882287979125977e+00,6.831954956054687500e+00
1.021244239807128906e+01,2.218523502349853516e+00
-2.425153732299804688e+00,1.739909946918487549e-01
9.935630798339843750e+00,1.238118290901184082e+00
1.032644844055175781e+01,2.594785928726196289e+00
1.035316753387451172e+01,1.418853282928466797e+00
-2.547572612762451172e+00,-6.343713402748107910e-01
-2.603516340255737305e+00,5.976236343383789062e+00
3.216032981872558594e+00,7.238650798797607422e+00
2.969215631484985352e+00,6.640625953674316406e+00
-3.691896915435791016e+00,6.056399822235107422e+00
-2.151470422744750977e+00,5.201631069183349609e+00
2.594428062438964844e+00,7.704104900360107422e+00
-3.432312965393066406e+00,6.425368785858154297e+00
1.077675342559814453e+01,2.366122245788574219e+00
-2.137553930282592773e+00,6.384793758392333984e+00
1.012548351287841797e+01,2.521976709365844727e+00
1.115214538574218750e+01,2.679983854293823242e+00
-2.489535808563232422e+00,-1.591967105865478516e+00
2.057667493820190430e+00,7.304562568664550781e+00
-3.095925569534301758e+00,5.079570770263671875e+00
-1.948031306266784668e+00,-2.558319568634033203e-01
1.982827067375183105e+00,7.536078929901123047e+00
-3.388026237487792969e+00,6.029429912567138672e+00
-2.154557228088378906e+00,-1.490157365798950195e+00
1.065206527709960938e+01,2.409009218215942383e+00
-2.325560569763183594e+00,-2.375606745481491089e-01
2.337361574172973633e+00,6.119206905364990234e+00
2.730349063873291016e+00,6.352018356323242188e+00
1.055750751495361328e+01,1.571433067321777344e+00
3.134331464767456055e+00,7.370288372039794922e+00
1.051284790039062500e+01,1.982932209968566895e+00
-2.043709993362426758e+00,5.858270168304443359e+00
2.254866838455200195e+00,6.184158325195312500e+00
1.139725971221923828e+01,2.420068740844726562e+00
1.076273632049560547e+01,3.052479028701782227e+00
-2.198854207992553711e+00,-1.581525243818759918e-02
-3.014382123947143555e+00,6.320584774017333984e+00
-1.945533037185668945e+00,-1.393247246742248535e+00
1.812796950340270996e+00,7.238653659820556641e+00
1.099236202239990234e+01,2.677564859390258789e+00
1.056036567687988281e+01,2.877673387527465820e+00
1.049671840667724609e+01,1.309236288070678711e+00
1.114321517944335938e+01,2.334467411041259766e+00
1.046939468383789062e+01,1.122042059898376465e+00
9.871138572692871094e+00,1.557349801063537598e+00
3.146026849746704102e+00,6.644202709197998047e+00
-2.255434751510620117e+00,-3.411961495876312256e-01
-3.344557523727416992e+00,-7.271130681037902832e-01
-2.669365644454956055e+00,6.135580062866210938e+00
-2.197452068328857422e+00,-2.240508317947387695e+00
1.658948063850402832e+00,7.542835235595703125e+00
1.018012428283691406e+01,2.467604875564575195e+00
1.108466720581054688e+01,2.085592985153198242e+00
2.301739931106567383e+00,7.464725017547607422e+00
1.047437381744384766e+01,2.958689212799072266e+00
9.880227088928222656e+00,1.409980297088623047e+00
-2.643822908401489258e+00,-1.813017487525939941e+00
1.100145244598388672e+01,2.484272241592407227e+00
1.058577442169189453e+01,2.000349998474121094e+00
-2.824574708938598633e+00,-1.811206221580505371e+00
3.094969749450683594e+00,7.389253616333007812e+00
-1.844797968864440918e+00,-1.218907237052917480e+00
-2.692686557769775391e+00,7.850080728530883789e-02
-2.921701431274414062e+00,-1.601912498474121094e+00
-3.265227556228637695e+00,-1.753371715545654297e+00
9.796844482421875000e+00,1.301383852958679199e+00
-3.527235269546508789e+00,-1.351805210113525391e+00
-2.135922670364379883e+00,6.083895206451416016e+00
1.089335441589355469e+01,2.635697841644287109e+00
3.304399967193603516e+00,7.037065982818603516e+00
-2.383995056152343750e+00,6.519956111907958984e+00
2.918034791946411133e+00,7.193078041076660156e+00
-2.629934310913085938e+00,5.581809043884277344e+00
1.052893257141113281e+01,1.670772671699523926e+00
2.038601160049438477e+00,6.573204040527343750e+00
1.034998607635498047e+01,2.284672975540161133e+00
-2.276484012603759766e+00,-1.219294190406799316e+00
-2.677896261215209961e+00,-9.485069513320922852e-01
-1.985484123229980469e+00,-1.191365122795104980e-01
-1.990166306495666504e+00,5.943395614624023438e+00
-1.202456951141357422e+00,6.269838809967041016e+00
1.051798343658447266e+01,1.237170577049255371e+00
2.581595659255981445e+00,7.865458965301513672e+00
1.046621990203857422e+01,1.124195218086242676e+00
1.867338418960571289e+00,7.155165195465087891e+00
-3.549199819564819336e+00,-5.394199490547180176e-01
-2.964045763015747070e+00,5.907810688018798828e+00
1.070671653747558594e+01,2.463217258453369141e+00
-2.021584272384643555e+00,5.584324836730957031e+00
2.248606920242309570e+00,6.272727489471435547e+00
-3.071229934692382812e+00,5.715672969818115234e+00
-2.506234645843505859e+00,5.183531761169433594e+00
2.186876535415649414e+00,6.084374904632568359e+00
-2.209417343139648438e+00,6.001081943511962891e+00
3.216808795928955078e+00,7.011299610137939453e+00
-2.431164979934692383e+00,5.750965595245361328e+00
-2.517606019973754883e+00,5.770056247711181641e+00
2.298334836959838867e+00,6.154055595397949219e+00
-2.791314840316772461e+00,2.956207692623138428e-01
-2.399722814559936523e+00,-6.142036318778991699e-01
-2.559429645538330078e+00,-1.441537022590637207e+00
-3.175637245178222656e+00,5.141192436218261719e+00
1.077992534637451172e+01,2.542788982391357422e+00
-3.043231725692749023e+00,5.170262336730957031e+00
1.147869873046875000e+01,2.302740573883056641e+00
-2.713279962539672852e+00,-1.044510245323181152e+00
1.942687988281250000e+00,6.232295513153076172e+00
1.092470645904541016e+01,2.899218797683715820e+00
-2.439606189727783203e+00,-1.326377034187316895e+00
-1.780193209648132324e+00,-7.462929487228393555e-01
1.067947387695312500e+01,2.337119579315185547e+00
-3.542522192001342773e+00,5.941370964050292969e+00
-2.934372663497924805e+00,-6.885661482810974121e-01
-2.352815389633178711e+00,5.921836376190185547e+00
2.713684797286987305e+00,6.375230789184570312e+00
1.980407357215881348e+00,7.094889640808105469e+00
1.049071216583251953e+01,1.671777725219726562e+00
1.048458480834960938e+01,2.476064682006835938e+00
-2.352390527725219727e+00,5.787335395812988281e+00
3.132677078247070312e+00,7.468717098236083984e+00
-2.284600496292114258e+00,-2.145282268524169922e+00
-2.648432016372680664e+00,5.935199737548828125e+00
-2.953313112258911133e+00,6.337593555450439453e+00
3.167855501174926758e+00,7.320148468017578125e+00
-3.011175155639648438e+00,6.077793121337890625e+00
-3.416329145431518555e+00,6.198843479156494141e+00
-2.762686729431152344e+00,6.379899024963378906e+00
-2.568853378295898438e+00,-1.250878334045410156e+00
2.183790445327758789e+00,6.093668937683105469e+00
3.344308853149414062e+00,6.905526638031005859e+00
1.070662593841552734e+01,2.258160352706909180e+00
-2.944069862365722656e+00,5.989405155181884766e+00
-2.458226680755615234e+00,7.425057142972946167e-02
-2.390008211135864258e+00,-2.357370376586914062e+00
-2.663790464401245117e+00,5.833921432495117188e+00
2.781975746154785156e+00,6.395001888275146484e+00
-1.937245011329650879e+00,-9.541698545217514038e-02
-3.424174785614013672e+00,6.201359272003173828e+00
-3.126421928405761719e+00,4.944117546081542969e+00
-2.608654737472534180e+00,-1.334204435348510742e+00
-3.107232093811035156e+00,-8.352020978927612305e-01
2.047626495361328125e+00,6.387278556823730469e+00
2.201485872268676758e+00,7.306395530700683594e+00
-3.155723810195922852e+00,-1.107881426811218262e+00
1.126255035400390625e+01,2.036262512207031250e+00
-2.535230159759521484e+00,-1.185566902160644531e+00
-3.149806261062622070e+00,6.873575687408447266e+00
1.485524654388427734e+00,6.877819061279296875e+00
2.350349426269531250e+00,7.344657897949218750e+00
2.202958822250366211e+00,7.282553195953369141e+00
1.017925930023193359e+01,2.378364801406860352e+00
9.820960998535156250e+00,1.368975639343261719e+00
-3.070847749710083008e+00,-1.394710183143615723e+00
-1.450429320335388184e+00,6.146111011505126953e+00
2.501718282699584961e+00,6.189466953277587891e+00
1.048259067535400391e+01,1.175677180290222168e+00
1.110676002502441406e+01,2.632811069488525391e+00
2.015728235244750977e+00,6.939887046813964844e+00
1.524731993675231934e+00,7.218079090118408203e+00
-2.364612340927124023e+00,5.486497402191162109e+00
-2.308006763458251953e+00,-1.434774398803710938e+00
-3.071910858154296875e+00,-2.048552036285400391e-01
-2.046654939651489258e+00,-1.400073051452636719e+00
1.038644790649414062e+01,2.984305620193481445e+00
3.176125526428222656e+00,7.376356601715087891e+00
-2.593028545379638672e+00,1.433395594358444214e-01
1.121251678466796875e+01,2.500825405120849609e+00
-3.237647771835327148e+00,-2.910567522048950195e-01
-2.376159906387329102e+00,-1.437711834907531738e+00
-2.359690666198730469e+00,-1.407791495323181152e+00
-2.738389492034912109e+00,-1.626820445060729980e+00
-2.754969835281372070e+00,6.455653190612792969e+00
3.374211549758911133e+00,7.062224388122558594e+00
2.238620042800903320e+00,6.513183116912841797e+00
-3.419625759124755859e+00,5.385840415954589844e+00
-2.419455528259277344e+00,6.472846031188964844e+00
2.178258657455444336e+00,6.420914649963378906e+00
1.814774155616760254e+00,6.596537113189697266e+00
-2.891907691955566406e+00,5.291159629821777344e+00
2.385785579681396484e+00,7.626790523529052734e+00
1.086676502227783203e+01,2.012089014053344727e+00
-3.253495216369628906e+00,6.697012424468994141e+00
1.092647266387939453e+01,1.877605915069580078e+00
1.046294689178466797e+01,2.032021522521972656e+00
-3.531800985336303711e+00,5.742260456085205078e+00
1.015012264251708984e+01,2.026741266250610352e+00
3.242908954620361328e+00,7.025756359100341797e+00
-1.284382939338684082e+00,6.149991035461425781e+00
1.821977376937866211e+00,7.521322250366210938e+00
3.272125005722045898e+00,7.010209560394287109e+00
-2.526134967803955078e+00,-1.622669816017150879e+00
3.054709196090698242e+00,7.453742980957031250e+00
1.699543952941894531e+00,6.543722629547119141e+00
2.648309469223022461e+00,6.909378528594970703e+00
-3.056946277618408203e+00,-8.915216922760009766e-01
2.277673482894897461e+00,7.104353427886962891e+00
-2.009723663330078125e+00,-3.565547987818717957e-02
-2.817283630371093750e+00,6.303978443145751953e+00
-3.185297727584838867e+00,-1.125152587890625000e+00
3.337447404861450195e+00,7.107886314392089844e+00
2.255264282226562500e+00,6.306417942047119141e+00
2.175232172012329102e+00,7.155013084411621094e+00
-2.168658494949340820e+00,6.094801425933837891e+00
1.132456207275390625e+01,2.568528175354003906e+00
1.030990409851074219e+01,1.005155086517333984e+00
9.896162986755371094e+00,1.385545015335083008e+00
-1.847128510475158691e+00,-7.286031246185302734e-01
1.945259332656860352e+00,7.297125816345214844e+00
-2.787872552871704102e+00,6.586315631866455078e+00
1.062017440795898438e+01,2.807320117950439453e+00
-2.061995983123779297e+00,5.699652671813964844e+00
-3.011806964874267578e+00,5.962480545043945312e+00
-3.059129953384399414e+00,5.434979438781738281e+00
2.447351217269897461e+00,6.014688968658447266e+00
1.116437816619873047e+01,2.492973566055297852e+00
2.342188835144042969e+00,7.580015182495117188e+00
-2.370895147323608398e+00,-1.437287211418151855e+00
1.046000194549560547e+01,2.713841915130615234e+00
1.036696243286132812e+01,2.084225416183471680e+00
-2.639495849609375000e+00,4.506544023752212524e-02
1.510160446166992188e+00,6.881780624389648438e+00
1.102560424804687500e+01,2.163997173309326172e+00
-2.995994091033935547e+00,-1.779332518577575684e+00
-2.986058950424194336e+00,5.748186111450195312e+00
1.097278404235839844e+01,2.757783412933349609e+00
-1.346834301948547363e+00,6.265795707702636719e+00
-2.938045263290405273e+00,5.275065898895263672e+00
-2.962214469909667969e+00,5.975337505340576172e+00
-2.232140302658081055e+00,6.205483436584472656e+00
1.752460122108459473e+00,6.732314109802246094e+00
-3.399971246719360352e+00,6.333559513092041016e+00
-2.468558549880981445e+00,-5.784708857536315918e-01
1.145805072784423828e+01,2.468838453292846680e+00
-2.695602178573608398e+00,6.678077578544616699e-02
1.028629589080810547e+01,2.658420324325561523e+00
-3.056642770767211914e+00,6.141325473785400391e+00
-2.369044065475463867e+00,-3.011330366134643555e-01
1.933381080627441406e+00,6.914306640625000000e+00
1.116596412658691406e+01,2.120244741439819336e+00
1.047758007049560547e+01,1.972586035728454590e+00
