-2.543414354324340820e+00,1.822510957717895508e+00,3.431529045104980469e+00
-1.892614603042602539e+00,1.973733782768249512e+00,4.469161987304687500e+00
-1.654724001884460449e+00,2.519248485565185547e+00,3.287742853164672852e+00
9.011925697326660156e+00,9.974390983581542969e+00,5.053376197814941406e+00
8.922854423522949219e+00,1.074128913879394531e+01,3.115659236907958984e+00
9.035463333129882812e+00,1.003575229644775391e+01,4.907698154449462891e+00
9.615343093872070312e+00,1.053502273559570312e+01,4.354495525360107422e+00
9.011292457580566406e+00,3.881700336933135986e-01,2.797550439834594727e+00
-1.323332428932189941e+00,2.274936437606811523e+00,3.605322122573852539e+00
-2.000887870788574219e+00,1.474113583564758301e+00,3.088698148727416992e+00
8.780012130737304688e+00,1.085058689117431641e+01,3.742248058319091797e+00
-1.999594807624816895e+00,2.167453289031982422e+00,3.033786773681640625e+00
8.727127075195312500e+00,9.985396385192871094e+00,4.525179862976074219e+00
-1.441453933715820312e+00,2.199536561965942383e+00,5.021984100341796875e+00
9.315729141235351562e+00,1.040683078765869141e+01,3.987895011901855469e+00
9.018874168395996094e+00,7.030352950096130371e-01,2.910345315933227539e+00
7.642192363739013672e+00,-3.753982782363891602e+00,1.209739875793457031e+01
7.498921394348144531e+00,-3.193179607391357422e+00,1.175626945495605469e+01
-1.200006008148193359e+00,2.200504541397094727e+00,3.876560688018798828e+00
9.239603042602539062e+00,-3.778529167175292969e-01,3.443671464920043945e+00
8.727105140686035156e+00,3.454627394676208496e-01,3.188529729843139648e+00
6.199137687683105469e+00,-3.626170635223388672e+00,1.205774497985839844e+01
9.045431137084960938e+00,1.023823547363281250e+01,4.223734378814697266e+00
9.195466995239257812e+00,-3.869191110134124756e-01,3.479391813278198242e+00
7.329307079315185547e+00,-4.237793445587158203e+00,1.181781196594238281e+01
7.435925006866455078e+00,-3.876374721527099609e+00,1.188370418548583984e+01
9.506750106811523438e+00,9.807711601257324219e+00,3.973687410354614258e+00
6.664111614227294922e+00,-4.016196250915527344e+00,1.232813072204589844e+01
7.886358261108398438e+00,-4.028635025024414062e+00,1.245955467224121094e+01
6.756851196289062500e+00,-3.900472164154052734e+00,1.206857299804687500e+01
-2.288177251815795898e+00,1.584519505500793457e+00,3.073609590530395508e+00
-1.822658419609069824e+00,2.158742189407348633e+00,3.773280382156372070e+00
7.813013076782226562e+00,-4.003280162811279297e+00,1.210849952697753906e+01
9.106670379638671875e+00,1.009814739227294922e+01,4.234932899475097656e+00
1.001406574249267578e+01,8.846270442008972168e-01,2.970513343811035156e+00
6.119557857513427734e+00,-3.468590736389160156e+00,1.211126327514648438e+01
9.366899490356445312e+00,9.250389099121093750e+00,4.510957241058349609e+00
7.556225299835205078e+00,-3.285843849182128906e+00,1.220980834960937500e+01
8.313356399536132812e+00,1.027734851837158203e+01,4.410603523254394531e+00
7.286045074462890625e+00,-4.197407245635986328e+00,1.240687656402587891e+01
8.604673385620117188e+00,1.036399650573730469e+01,4.289035797119140625e+00
6.856207847595214844e+00,-3.332922220230102539e+00,1.257652282714843750e+01
9.420543670654296875e+00,2.918006479740142822e-01,3.432348012924194336e+00
-1.662615656852722168e+00,1.930013775825500488e+00,3.057893037796020508e+00
7.635557174682617188e+00,-3.492082118988037109e+00,1.185833263397216797e+01
7.389174461364746094e+00,-3.316247224807739258e+00,1.213372898101806641e+01
9.087003707885742188e+00,9.805295944213867188e+00,4.832100391387939453e+00
9.419375419616699219e+00,1.423334121704101562e+00,3.506688356399536133e+00
8.738304138183593750e+00,1.081026554107666016e+01,4.100239753723144531e+00
9.825531959533691406e+00,1.001599979400634766e+01,4.556865692138671875e+00
-1.615843892097473145e+00,2.361898183822631836e+00,5.046933174133300781e+00
8.977520942687988281e+00,1.055649471282958984e+01,3.801374673843383789e+00
9.833218574523925781e+00,9.482287406921386719e+00,4.301499843597412109e+00
9.519517898559570312e+00,5.860147476196289062e-01,2.458268642425537109e+00
9.251225471496582031e+00,1.065102195739746094e+01,3.975289821624755859e+00
9.188130378723144531e+00,9.971167445182800293e-01,2.644337892532348633e+00
9.097448348999023438e+00,6.193820834159851074e-01,3.165465593338012695e+00
-2.024861574172973633e+00,1.977403640747070312e+00,4.050371170043945312e+00
8.567292213439941406e+00,1.068287372589111328e+01,3.607770442962646484e+00
-1.611848115921020508e+00,2.575940608978271484e+00,3.400714397430419922e+00
8.895274162292480469e+00,1.092597770690917969e+01,3.182019472122192383e+00
9.600410461425781250e+00,1.019270706176757812e+01,3.980217933654785156e+00
-2.171778202056884766e+00,1.929601907730102539e+00,4.200613498687744141e+00
8.914367675781250000e+00,1.020201873779296875e+01,3.542726516723632812e+00
9.257180213928222656e+00,2.817850410938262939e-01,3.291487693786621094e+00
8.187021255493164062e+00,1.026919460296630859e+01,4.232548713684082031e+00
7.046609878540039062e+00,-4.086061000823974609e+00,1.144292259216308594e+01
9.787093162536621094e+00,1.020334815979003906e+01,4.404325962066650391e+00
9.483275413513183594e+00,5.089600682258605957e-01,3.534866094589233398e+00
9.138960838317871094e+00,-2.276299148797988892e-01,3.660071372985839844e+00
-1.200391530990600586e+00,2.115000963211059570e+00,3.625658512115478516e+00
8.296173095703125000e+00,1.061821460723876953e+01,4.398050785064697266e+00
8.405457496643066406e+00,1.016221427917480469e+01,4.024202346801757812e+00
9.104553222656250000e+00,1.058605670928955078e+01,3.375324964523315430e+00
9.274992942810058594e+00,1.243815660476684570e+00,2.440451860427856445e+00
9.514211654663085938e+00,9.562893867492675781e+00,4.042872428894042969e+00
9.224153518676757812e+00,8.220927119255065918e-01,2.522816658020019531e+00
6.183715343475341797e+00,-3.510751008987426758e+00,1.216853904724121094e+01
-1.937568664550781250e+00,2.429442882537841797e+00,3.506797075271606445e+00
9.713614463806152344e+00,1.002516937255859375e+01,4.192545413970947266e+00
9.476343154907226562e+00,1.503565311431884766e+00,3.330316781997680664e+00
6.422571182250976562e+00,-3.706444501876831055e+00,1.241383934020996094e+01
8.747655868530273438e+00,9.682254791259765625e+00,4.175531387329101562e+00
-1.326833844184875488e+00,1.818477869033813477e+00,3.381437778472900391e+00
8.884778022766113281e+00,4.452192485332489014e-01,2.999237537384033203e+00
-2.137237071990966797e+00,2.260988950729370117e+00,4.178077697753906250e+00
6.670811653137207031e+00,-4.072964191436767578e+00,1.171356678009033203e+01
9.319931983947753906e+00,1.094521164894104004e+00,2.761339902877807617e+00
9.659893989562988281e+00,1.622682571411132812e+00,2.941396236419677734e+00
8.834818840026855469e+00,1.074878883361816406e+01,4.508502483367919922e+00
-1.835906386375427246e+00,2.362464666366577148e+00,3.359528064727783203e+00
9.451148986816406250e+00,1.019020080566406250e+00,2.854700803756713867e+00
6.686430931091308594e+00,-3.662289381027221680e+00,1.248010063171386719e+01
9.128143310546875000e+00,1.029203224182128906e+01,4.452877998352050781e+00
-2.163806438446044922e+00,2.267989635467529297e+00,3.222780704498291016e+00
-1.532475471496582031e+00,2.150438070297241211e+00,3.796261787414550781e+00
-2.552931308746337891e+00,1.802335023880004883e+00,3.176418304443359375e+00
9.336059570312500000e+00,1.002686500549316406e+01,5.138833999633789062e+00
8.727485656738281250e+00,9.950613975524902344e+00,4.287604331970214844e+00
8.289231300354003906e+00,1.054475498199462891e+01,4.666255474090576172e+00
-1.672870278358459473e+00,2.060096502304077148e+00,4.572322845458984375e+00
-2.029494047164916992e+00,2.170983314514160156e+00,4.298901557922363281e+00
9.426935195922851562e+00,6.470507383346557617e-01,2.663356304168701172e+00
9.657539367675781250e+00,9.598670005798339844e+00,5.012794971466064453e+00
-1.301761984825134277e+00,2.356811046600341797e+00,3.690740823745727539e+00
7.307147026062011719e+00,-4.508346557617187500e+00,1.154592895507812500e+01
8.588250160217285156e+00,1.055868053436279297e+01,3.936406373977661133e+00
-1.290197968482971191e+00,2.075479269027709961e+00,5.152928352355957031e+00
9.203304290771484375e+00,1.578530907630920410e+00,3.457605123519897461e+00
-1.413723349571228027e+00,2.337514638900756836e+00,3.549534082412719727e+00
-1.744796752929687500e+00,2.301909208297729492e+00,4.783982276916503906e+00
-2.095134019851684570e+00,2.049652099609375000e+00,3.614739656448364258e+00
9.975288391113281250e+00,1.143830657005310059e+00,2.771168470382690430e+00
9.841879844665527344e+00,4.375796020030975342e-01,3.383853197097778320e+00
8.616936683654785156e+00,1.058520603179931641e+01,4.437734603881835938e+00
9.673048973083496094e+00,1.560159802436828613e+00,2.852196931838989258e+00
8.901685714721679688e+00,7.407727837562561035e-01,3.053586244583129883e+00
9.388586997985839844e+00,8.964527845382690430e-01,3.688712120056152344e+00
8.478542327880859375e+00,1.017483806610107422e+01,4.221559524536132812e+00
7.628317832946777344e+00,-3.008264064788818359e+00,1.161171054840087891e+01
7.645759105682373047e+00,-2.962597846984863281e+00,1.158820629119873047e+01
7.855451583862304688e+00,-4.008619785308837891e+00,1.245390319824218750e+01
9.238082885742187500e+00,8.882247805595397949e-01,3.469702720642089844e+00
9.268448829650878906e+00,1.086968898773193359e+00,3.204314470291137695e+00
7.764978885650634766e+00,-3.604128122329711914e+00,1.244579792022705078e+01
9.223124504089355469e+00,7.116051912307739258e-01,3.204498529434204102e+00
8.864870071411132812e+00,1.085874271392822266e+01,3.362770557403564453e+00
7.134916782379150391e+00,-3.784376382827758789e+00,1.241694641113281250e+01
1.007643604278564453e+01,9.303917288780212402e-01,3.142605304718017578e+00
9.478322029113769531e+00,9.955554008483886719e+00,5.021214962005615234e+00
9.079087257385253906e+00,9.854767799377441406e+00,4.287107467651367188e+00
-1.363542795181274414e+00,1.830693840980529785e+00,3.764396905899047852e+00
9.091901779174804688e+00,1.034485530853271484e+01,4.844487667083740234e+00
8.849435806274414062e+00,1.046781539916992188e+01,4.783035755157470703e+00
9.510984420776367188e+00,9.849991798400878906e+00,3.918740510940551758e+00
6.579529762268066406e+00,-3.661334276199340820e+00,1.246261978149414062e+01
9.492063522338867188e+00,5.241162776947021484e-01,2.484915733337402344e+00
8.782939910888671875e+00,1.005846786499023438e+01,4.770228385925292969e+00
9.328722000122070312e+00,1.357312440872192383e+00,2.757044792175292969e+00
-2.350203514099121094e+00,1.894141435623168945e+00,3.972343444824218750e+00
-1.556425213813781738e+00,1.773534536361694336e+00,3.600061178207397461e+00
9.073327064514160156e+00,1.076805686950683594e+01,4.123952865600585938e+00
6.592195034027099609e+00,-3.278663873672485352e+00,1.195456218719482422e+01
-2.039332628250122070e+00,2.115991353988647461e+00,4.097075462341308594e+00
9.489351272583007812e+00,9.486910820007324219e+00,4.917177200317382812e+00
-2.092525959014892578e+00,2.460683584213256836e+00,3.365930557250976562e+00
9.105198860168457031e+00,9.821507334709167480e-01,3.347439050674438477e+00
8.918854713439941406e+00,1.005390930175781250e+01,3.606171846389770508e+00
8.667522430419921875e+00,9.664620399475097656e+00,4.377650260925292969e+00
1.000134372711181641e+01,8.627086877822875977e-01,2.788162946701049805e+00
9.145841598510742188e+00,1.014465904235839844e+01,5.212384223937988281e+00
1.007395935058593750e+01,1.298477172851562500e+00,2.820428133010864258e+00
7.351596832275390625e+00,-4.476895332336425781e+00,1.150673866271972656e+01
9.223110198974609375e+00,1.265108227729797363e+00,3.099511146545410156e+00
-1.906325459480285645e+00,1.526180863380432129e+00,3.667330026626586914e+00
8.486182212829589844e+00,9.810620307922363281e+00,4.304182052612304688e+00
9.551671028137207031e+00,6.882107257843017578e-01,3.585093021392822266e+00
7.098371505737304688e+00,-3.603662729263305664e+00,1.257511615753173828e+01
6.399026870727539062e+00,-3.759925127029418945e+00,1.219764709472656250e+01
9.711921691894531250e+00,5.596198439598083496e-01,3.547189235687255859e+00
9.881133079528808594e+00,1.291511893272399902e+00,2.862294673919677734e+00
-2.035050392150878906e+00,1.453414916992187500e+00,3.129876136779785156e+00
7.082256317138671875e+00,-3.384028434753417969e+00,1.229638099670410156e+01
9.220647811889648438e+00,1.075746822357177734e+01,3.774304866790771484e+00
6.961183071136474609e+00,-3.436351060867309570e+00,1.234303760528564453e+01
9.570751190185546875e+00,9.726057052612304688e-01,2.735172271728515625e+00
-2.029884099960327148e+00,2.328018903732299805e+00,3.101590871810913086e+00
6.684893608093261719e+00,-3.455990552902221680e+00,1.263393306732177734e+01
7.351825714111328125e+00,-4.204801559448242188e+00,1.150440692901611328e+01
8.928017616271972656e+00,1.077981948852539062e+01,3.265105724334716797e+00
6.944775104522705078e+00,-3.613857030868530273e+00,1.224870872497558594e+01
7.666796684265136719e+00,-4.291244506835937500e+00,1.192464447021484375e+01
-1.571045398712158203e+00,1.958424687385559082e+00,2.991185188293457031e+00
-1.950242996215820312e+00,2.087821960449218750e+00,3.699929952621459961e+00
8.232086181640625000e+00,1.032841777801513672e+01,4.530317306518554688e+00
8.742123603820800781e+00,1.085450839996337891e+01,3.651228666305541992e+00
7.102128505706787109e+00,-3.741002798080444336e+00,1.217817115783691406e+01
9.480566024780273438e+00,9.141441345214843750e+00,4.480290412902832031e+00
8.460240364074707031e+00,9.748147010803222656e+00,4.217692375183105469e+00
7.637441635131835938e+00,-3.327971458435058594e+00,1.224436759948730469e+01
9.003853797912597656e+00,1.027669334411621094e+01,4.799835205078125000e+00
9.410663604736328125e+00,1.031160926818847656e+01,4.639685153961181641e+00
9.957051277160644531e+00,6.094441413879394531e-01,2.933026313781738281e+00
9.446584701538085938e+00,9.196738243103027344e+00,4.596211433410644531e+00
8.798359870910644531e+00,9.971838951110839844e+00,4.599674224853515625e+00
9.381208419799804688e+00,9.300405502319335938e+00,4.296762466430664062e+00
8.784203529357910156e+00,9.501116752624511719e+00,4.209395885467529297e+00
-2.265354871749877930e+00,2.190876245498657227e+00,3.822709798812866211e+00
8.836293220520019531e+00,1.375610470771789551e+00,3.285104513168334961e+00
-1.542722105979919434e+00,2.268484354019165039e+00,5.088448047637939453e+00
-1.413890123367309570e+00,2.154707670211791992e+00,5.058605194091796875e+00
-1.806362748146057129e+00,2.291870832443237305e+00,3.253453731536865234e+00
-1.632471561431884766e+00,2.395470142364501953e+00,4.013932704925537109e+00
6.932259082794189453e+00,-4.093160152435302734e+00,1.231685161590576172e+01
-1.193917155265808105e+00,1.925877690315246582e+00,3.388586282730102539e+00
9.334940910339355469e+00,-1.772899925708770752e-01,3.298534870147705078e+00
8.865935325622558594e+00,1.084198665618896484e+01,3.480165719985961914e+00
7.388798236846923828e+00,-3.674108028411865234e+00,1.252711963653564453e+01
-2.459268808364868164e+00,2.091345787048339844e+00,3.612718582153320312e+00
-2.339423418045043945e+00,2.064219236373901367e+00,3.538018703460693359e+00
7.781863689422607422e+00,-4.169764518737792969e+00,1.226132297515869141e+01
-2.485091447830200195e+00,2.064083337783813477e+00,3.262150764465332031e+00
-2.009090185165405273e+00,2.127948045730590820e+00,2.949235916137695312e+00
8.637310028076171875e+00,9.365059852600097656e+00,4.459454536437988281e+00
-1.671715497970581055e+00,2.122225999832153320e+00,4.291123867034912109e+00
-1.526566982269287109e+00,2.291389226913452148e+00,5.172012329101562500e+00
1.014577865600585938e+01,1.248387575149536133e+00,2.822576522827148438e+00
9.410772323608398438e+00,6.083913445472717285e-01,2.919949769973754883e+00
8.771660804748535156e+00,1.082097649574279785e+00,2.847006797790527344e+00
9.650170326232910156e+00,8.523398637771606445e-01,3.061134099960327148e+00
-1.430941462516784668e+00,2.174344539642333984e+00,3.691366434097290039e+00
9.367153167724609375e+00,1.038557434082031250e+01,4.541693210601806641e+00
7.644691944122314453e+00,-2.994077920913696289e+00,1.161549091339111328e+01
6.797599315643310547e+00,-4.443182468414306641e+00,1.158968353271484375e+01
9.032813072204589844e+00,1.085283851623535156e+01,3.469346523284912109e+00
-1.992699146270751953e+00,2.430293798446655273e+00,3.548900365829467773e+00
-1.593476414680480957e+00,1.946143865585327148e+00,3.038634061813354492e+00
9.082688331604003906e+00,1.068566036224365234e+01,3.500678539276123047e+00
7.794046401977539062e+00,-4.375251770019531250e+00,1.228310298919677734e+01
9.700589179992675781e+00,1.004529380798339844e+01,4.885866641998291016e+00
8.998324394226074219e+00,1.023041534423828125e+01,4.911577701568603516e+00
9.115130424499511719e+00,1.005943107604980469e+01,4.628597736358642578e+00
6.908746719360351562e+00,-3.983577251434326172e+00,1.247782516479492188e+01
6.659398078918457031e+00,-3.542228937149047852e+00,1.260517024993896484e+01
9.597269058227539062e+00,1.020788574218750000e+01,4.198170185089111328e+00
7.874214649200439453e+00,-4.270279407501220703e+00,1.214963912963867188e+01
-1.773896336555480957e+00,2.336532831192016602e+00,5.011625289916992188e+00
9.260913848876953125e+00,1.036967945098876953e+01,3.372058629989624023e+00
9.330701828002929688e+00,8.937065601348876953e-01,3.742107629776000977e+00
9.947264671325683594e+00,4.867216050624847412e-01,3.314430475234985352e+00
-1.236289262771606445e+00,2.210103988647460938e+00,3.674484491348266602e+00
7.018130779266357422e+00,-4.010785102844238281e+00,1.258186912536621094e+01
8.220505714416503906e+00,1.024437236785888672e+01,4.452363967895507812e+00
7.118393898010253906e+00,-3.385985136032104492e+00,1.203113937377929688e+01
9.556717872619628906e+00,9.076855778694152832e-01,2.255020618438720703e+00
-1.391157269477844238e+00,2.160620212554931641e+00,5.134263038635253906e+00
9.411873817443847656e+00,9.161167740821838379e-01,2.997112989425659180e+00
-1.623188614845275879e+00,1.827843666076660156e+00,3.589004755020141602e+00
-1.498430371284484863e+00,1.638862013816833496e+00,3.969139337539672852e+00
9.740125656127929688e+00,1.046230125427246094e+01,4.290915489196777344e+00
6.711520195007324219e+00,-3.395444631576538086e+00,1.249655818939208984e+01
9.171698570251464844e+00,9.327328681945800781e+00,4.781927585601806641e+00
7.908477306365966797e+00,-4.133773326873779297e+00,1.244459629058837891e+01
-1.419896841049194336e+00,2.008545398712158203e+00,3.767085552215576172e+00
8.249830245971679688e+00,1.063977718353271484e+01,4.536864757537841797e+00
-2.117182970046997070e+00,2.662718534469604492e+00,3.991331338882446289e+00
6.580605983734130859e+00,-3.542074918746948242e+00,1.267173194885253906e+01
-1.673033237457275391e+00,1.703214645385742188e+00,3.219578981399536133e+00
6.783288955688476562e+00,-3.396739959716796875e+00,1.196591758728027344e+01
-1.529605150222778320e+00,2.276139974594116211e+00,3.732707500457763672e+00
9.892389297485351562e+00,1.020925760269165039e+00,2.685271978378295898e+00
7.851067066192626953e+00,-4.285912036895751953e+00,1.208193874359130859e+01
9.143975257873535156e+00,1.539836525917053223e+00,3.047622919082641602e+00
-1.920462727546691895e+00,2.842301845550537109e+00,3.925092220306396484e+00
9.346884727478027344e+00,6.532993316650390625e-01,2.494635581970214844e+00
8.953322410583496094e+00,1.044235229492187500e+01,3.597047328948974609e+00
9.813506126403808594e+00,1.038263988494873047e+01,4.265186786651611328e+00
9.544102668762207031e+00,1.017264008522033691e+00,2.517193555831909180e+00
9.419975280761718750e+00,5.757620334625244141e-01,3.190325736999511719e+00
9.104917526245117188e+00,1.086974620819091797e+00,3.141858100891113281e+00
9.529532432556152344e+00,1.080936789512634277e+00,2.331735372543334961e+00
9.319407463073730469e+00,1.044698715209960938e+01,4.118990421295166016e+00
-1.870275974273681641e+00,1.410562515258789062e+00,3.304828166961669922e+00
-2.147052526473999023e+00,1.854881644248962402e+00,3.172430753707885742e+00
8.339941024780273438e+00,1.005821037292480469e+01,4.200329780578613281e+00
9.084504127502441406e+00,4.202596247196197510e-01,3.337101459503173828e+00
9.311233520507812500e+00,8.848969340324401855e-01,2.552991390228271484e+00
7.485505104064941406e+00,-4.345385551452636719e+00,1.239929389953613281e+01
-1.201155424118041992e+00,2.088578701019287109e+00,5.239628791809082031e+00
9.503606796264648438e+00,5.457789301872253418e-01,3.722857475280761719e+00
9.068876266479492188e+00,1.136660337448120117e+00,3.292840242385864258e+00
6.864084243774414062e+00,-3.379105806350708008e+00,1.258903980255126953e+01
7.458778858184814453e+00,-3.158994436264038086e+00,1.204869365692138672e+01
1.011086368560791016e+01,7.006579637527465820e-01,3.833055734634399414e+00
9.327140808105468750e+00,9.669270515441894531e-01,3.303452730178833008e+00
9.107271194458007812e+00,9.784225463867187500e+00,4.663984298706054688e+00
9.338038444519042969e+00,9.300751686096191406e+00,4.796814918518066406e+00
-2.388013839721679688e+00,2.206974029541015625e+00,3.223165750503540039e+00
9.204595565795898438e+00,-3.461354672908782959e-01,3.465327501296997070e+00
-2.092799663543701172e+00,2.220554113388061523e+00,4.073739528656005859e+00
9.756720542907714844e+00,1.024930286407470703e+01,4.396604537963867188e+00
9.068330764770507812e+00,1.063795566558837891e+01,4.816538333892822266e+00
8.772733688354492188e+00,1.245254039764404297e+00,2.701119661331176758e+00
-1.732164263725280762e+00,1.989822030067443848e+00,4.113788127899169922e+00
1.001306533813476562e+01,1.184211134910583496e+00,2.599032402038574219e+00
7.665473461151123047e+00,-3.525738477706909180e+00,1.245153141021728516e+01
-2.019297361373901367e+00,2.334090709686279297e+00,3.203968763351440430e+00
9.389408111572265625e+00,2.438987642526626587e-01,3.118090629577636719e+00
1.015201950073242188e+01,6.786718964576721191e-01,3.785320520401000977e+00
8.768091201782226562e+00,9.412575721740722656e+00,4.629688739776611328e+00
9.738432884216308594e+00,5.655734539031982422e-01,3.676928043365478516e+00
7.615170001983642578e+00,-3.041891336441040039e+00,1.157696437835693359e+01
7.546575546264648438e+00,-3.978189468383789062e+00,1.214266872406005859e+01
7.729174137115478516e+00,-3.987001180648803711e+00,1.224270915985107422e+01
8.976063728332519531e+00,1.219956398010253906e+00,2.677696704864501953e+00
9.808135032653808594e+00,1.189795136451721191e+00,3.372807979583740234e+00
8.683741569519042969e+00,1.064202404022216797e+01,3.564493179321289062e+00
-1.767185211181640625e+00,2.097663640975952148e+00,4.222846031188964844e+00
7.423427581787109375e+00,-4.015048503875732422e+00,1.198564434051513672e+01
8.172458648681640625e+00,1.039449119567871094e+01,4.279573917388916016e+00
8.342097282409667969e+00,1.057396316528320312e+01,4.540013790130615234e+00
-1.856071710586547852e+00,2.354557037353515625e+00,4.923435211181640625e+00
8.768376350402832031e+00,1.045102691650390625e+01,4.208696365356445312e+00
9.338679313659667969e+00,5.837223529815673828e-01,2.758942842483520508e+00
-2.459910392761230469e+00,1.972507238388061523e+00,3.517203330993652344e+00
1.015075683593750000e+01,5.864208936691284180e-01,3.741338729858398438e+00
-1.617062449455261230e+00,1.615012407302856445e+00,3.360768556594848633e+00
9.676907539367675781e+00,1.618000306189060211e-02,3.111854076385498047e+00
9.916296005249023438e+00,6.884340047836303711e-01,2.745063304901123047e+00
9.196678161621093750e+00,1.020948028564453125e+01,4.425309181213378906e+00
6.887835025787353516e+00,-4.512400150299072266e+00,1.160269260406494141e+01
7.007487297058105469e+00,-3.883202791213989258e+00,1.215322113037109375e+01
7.816964149475097656e+00,-4.301225185394287109e+00,1.222638225555419922e+01
-1.454420924186706543e+00,1.708787560462951660e+00,3.934595584869384766e+00
9.365257263183593750e+00,1.195117831230163574e+00,3.564560174942016602e+00
-2.061109066009521484e+00,2.790661811828613281e+00,3.839751243591308594e+00
9.501708984375000000e+00,8.628362417221069336e-01,2.251675844192504883e+00
9.214660644531250000e+00,1.372726559638977051e+00,2.813325643539428711e+00
6.634603023529052734e+00,-3.575415849685668945e+00,1.214683246612548828e+01
-1.556639552116394043e+00,1.579423785209655762e+00,3.341282367706298828e+00
9.341199874877929688e+00,9.953389167785644531e+00,5.093252182006835938e+00
6.502403736114501953e+00,-3.301692008972167969e+00,1.199744033813476562e+01
1.000438976287841797e+01,5.172302126884460449e-01,3.337887048721313477e+00
-2.053962230682373047e+00,1.907378077507019043e+00,4.027992248535156250e+00
9.379963874816894531e+00,9.897432327270507812e+00,5.096646785736083984e+00
9.599020957946777344e+00,1.038531017303466797e+01,4.213031768798828125e+00
-1.633270502090454102e+00,2.353370428085327148e+00,5.173115730285644531e+00
6.740605831146240234e+00,-3.400217533111572266e+00,1.262815952301025391e+01
8.836915016174316406e+00,3.822403252124786377e-01,2.981090784072875977e+00
9.276381492614746094e+00,1.021297073364257812e+01,4.346859455108642578e+00
-1.781728982925415039e+00,1.331398248672485352e+00,3.073988676071166992e+00
9.727830886840820312e+00,9.862532615661621094e+00,4.283717632293701172e+00
9.835028648376464844e+00,9.992394447326660156e+00,4.396658897399902344e+00
8.597886085510253906e+00,1.065395450592041016e+01,3.540958404541015625e+00
9.424934387207031250e+00,1.017926120758056641e+01,4.945914745330810547e+00
-1.603834390640258789e+00,1.678097248077392578e+00,3.631567239761352539e+00
9.046115875244140625e+00,9.504891395568847656e+00,4.429268836975097656e+00
9.648257255554199219e+00,9.531116485595703125e-01,2.323184728622436523e+00
-2.206883907318115234e+00,2.011372089385986328e+00,2.946816444396972656e+00
7.489689826965332031e+00,-3.268432855606079102e+00,1.247807693481445312e+01
9.098209381103515625e+00,9.923115968704223633e-01,3.303071975708007812e+00
8.964077949523925781e+00,1.051790142059326172e+01,4.939990043640136719e+00
6.431401252746582031e+00,-3.784572362899780273e+00,1.229432678222656250e+01
-1.570573806762695312e+00,1.681612968444824219e+00,3.285224437713623047e+00
9.495195388793945312e+00,2.060922831296920776e-01,3.077814817428588867e+00
9.471203804016113281e+00,1.204480290412902832e+00,3.341580390930175781e+00
7.882201194763183594e+00,-4.083476066589355469e+00,1.242927169799804688e+01
9.160851478576660156e+00,1.059958076477050781e+01,3.575709819793701172e+00
7.561574459075927734e+00,-3.614225149154663086e+00,1.248281955718994141e+01
6.574988842010498047e+00,-3.898105859756469727e+00,1.238913917541503906e+01
-2.358361721038818359e+00,1.706457257270812988e+00,3.199898481369018555e+00
1.006254291534423828e+01,7.616079449653625488e-01,3.849205255508422852e+00
6.175778388977050781e+00,-3.425251483917236328e+00,1.201925373077392578e+01
-1.716917753219604492e+00,1.836437821388244629e+00,3.868311166763305664e+00
9.005779266357421875e+00,1.011866450309753418e+00,3.246992349624633789e+00
9.497530937194824219e+00,1.469070076942443848e+00,3.206013202667236328e+00
6.861838340759277344e+00,-3.971713304519653320e+00,1.198684597015380859e+01
9.056281089782714844e+00,1.391099214553833008e+00,2.758356571197509766e+00
6.025041580200195312e+00,-3.429929733276367188e+00,1.205814647674560547e+01
8.804609298706054688e+00,1.079800987243652344e+01,3.601594924926757812e+00
9.599713325500488281e+00,1.056775689125061035e+00,2.547717094421386719e+00
-2.217058181762695312e+00,1.775619029998779297e+00,3.196817636489868164e+00
-1.863427519798278809e+00,1.870412349700927734e+00,4.443750381469726562e+00
8.948728561401367188e+00,9.270546913146972656e+00,4.648197174072265625e+00
-1.711174488067626953e+00,2.264729738235473633e+00,4.933510780334472656e+00
7.224643707275390625e+00,-4.492866992950439453e+00,1.159587478637695312e+01
9.431801795959472656e+00,1.548143029212951660e+00,3.077329635620117188e+00
-2.032070636749267578e+00,1.550113320350646973e+00,3.038881778717041016e+00
-1.909992575645446777e+00,2.097141742706298828e+00,3.843930244445800781e+00
7.309617519378662109e+00,-3.786112785339355469e+00,1.238533401489257812e+01
6.932508468627929688e+00,-3.779185533523559570e+00,1.204738616943359375e+01
8.137844085693359375e+00,1.037387180328369141e+01,4.325626373291015625e+00
9.145471572875976562e+00,1.000453186035156250e+01,4.924560546875000000e+00
6.938393592834472656e+00,-4.287400722503662109e+00,1.149651050567626953e+01
9.660456657409667969e+00,9.873810768127441406e+00,4.834117412567138672e+00
8.775813102722167969e+00,3.822740614414215088e-01,3.128321886062622070e+00
9.463109016418457031e+00,9.781221389770507812e+00,5.119799137115478516e+00
-2.100467681884765625e+00,2.247605323791503906e+00,3.196303844451904297e+00
-1.595306873321533203e+00,1.746931314468383789e+00,3.103818655014038086e+00
9.382772445678710938e+00,1.021640014648437500e+01,4.919512271881103516e+00
8.739585876464843750e+00,1.172531247138977051e+00,2.966041803359985352e+00
9.351544380187988281e+00,1.029244899749755859e+01,3.852067947387695312e+00
9.021082878112792969e+00,1.075063896179199219e+01,3.597642898559570312e+00
8.720372200012207031e+00,1.178250074386596680e+00,2.806947946548461914e+00
8.663342475891113281e+00,9.673459053039550781e+00,3.998696565628051758e+00
7.319528579711914062e+00,-4.409640312194824219e+00,1.242123508453369141e+01
8.169281959533691406e+00,1.042105102539062500e+01,4.400975704193115234e+00
9.231491088867187500e+00,1.551825404167175293e+00,3.228751897811889648e+00
-1.442132472991943359e+00,2.131615161895751953e+00,3.289943218231201172e+00
-1.595464110374450684e+00,2.282359838485717773e+00,5.076582908630371094e+00
9.269006729125976562e+00,3.591757714748382568e-01,3.892839670181274414e+00
7.505634307861328125e+00,-3.214037179946899414e+00,1.168458366394042969e+01
8.811142921447753906e+00,1.315967559814453125e+00,3.291048526763916016e+00
-2.150403022766113281e+00,2.488363742828369141e+00,4.158822536468505859e+00
9.340493202209472656e+00,6.049199700355529785e-01,3.767302036285400391e+00
6.858916759490966797e+00,-4.481670379638671875e+00,1.168906497955322266e+01
9.124406814575195312e+00,-2.363345175981521606e-01,3.543257236480712891e+00
9.063774108886718750e+00,1.081885433197021484e+01,3.560814857482910156e+00
-2.039020538330078125e+00,2.476868867874145508e+00,3.312616586685180664e+00
-1.410115718841552734e+00,2.168669223785400391e+00,3.732355594635009766e+00
-1.993625283241271973e+00,1.552235126495361328e+00,3.927403450012207031e+00
9.279869079589843750e+00,9.663716316223144531e+00,5.056393623352050781e+00
9.677665710449218750e+00,8.950265645980834961e-01,3.580561399459838867e+00
8.987302780151367188e+00,1.037366390228271484e+01,4.308383941650390625e+00
9.025853157043457031e+00,1.115275025367736816e+00,2.990576744079589844e+00
8.761923789978027344e+00,1.050824546813964844e+01,3.308805227279663086e+00
8.670845985412597656e+00,1.047908878326416016e+01,4.853397369384765625e+00
9.807593345642089844e+00,1.428347468376159668e+00,3.212719678878784180e+00
7.549867630004882812e+00,-4.127867698669433594e+00,1.169900226593017578e+01
7.193466186523437500e+00,-3.573311805725097656e+00,1.254446506500244141e+01
-2.527654886245727539e+00,2.150547981262207031e+00,3.426201105117797852e+00
6.646580219268798828e+00,-4.130513668060302734e+00,1.178627872467041016e+01
9.070191383361816406e+00,1.430314064025878906e+00,3.023408174514770508e+00
9.157110214233398438e+00,6.220605969429016113e-01,3.560859203338623047e+00
7.336191654205322266e+00,-3.699097871780395508e+00,1.261793422698974609e+01
9.153341293334960938e+00,9.333696365356445312e+00,4.682588100433349609e+00
9.037466049194335938e+00,8.368335366249084473e-01,3.084501266479492188e+00
9.644144058227539062e+00,6.187158823013305664e-01,3.396088361740112305e+00
-1.651782631874084473e+00,1.583320140838623047e+00,3.918879747390747070e+00
-1.890322566032409668e+00,2.423930406570434570e+00,4.021390914916992188e+00
9.946267127990722656e+00,1.130719184875488281e+00,2.712669610977172852e+00
9.137310028076171875e+00,9.689629554748535156e+00,4.590112686157226562e+00
7.329938411712646484e+00,-3.489910602569580078e+00,1.213734245300292969e+01
8.874505043029785156e+00,1.092940235137939453e+01,3.418443679809570312e+00
7.609872341156005859e+00,-3.045378923416137695e+00,1.160545921325683594e+01
9.591600418090820312e+00,1.231464028358459473e+00,2.503317832946777344e+00
7.415781021118164062e+00,-3.331661462783813477e+00,1.252345371246337891e+01
9.259992599487304688e+00,1.067223548889160156e+01,4.230254650115966797e+00
8.856789588928222656e+00,1.087054824829101562e+01,3.658192396163940430e+00
7.712406158447265625e+00,-4.020021438598632812e+00,1.195873451232910156e+01
8.980235099792480469e+00,1.061326313018798828e+01,4.887452125549316406e+00
6.672008991241455078e+00,-3.958590269088745117e+00,1.201468849182128906e+01
7.019293785095214844e+00,-3.488159894943237305e+00,1.257406425476074219e+01
9.150535583496093750e+00,1.409972667694091797e+00,3.436883926391601562e+00
8.990400314331054688e+00,1.094444942474365234e+01,3.353333234786987305e+00
7.520347595214843750e+00,-3.631628990173339844e+00,1.254757499694824219e+01
9.179651260375976562e+00,4.979860782623291016e-01,3.365923643112182617e+00
8.275946617126464844e+00,1.038493728637695312e+01,4.129391193389892578e+00
-1.090642929077148438e+00,2.259620189666748047e+00,3.718835353851318359e+00
-1.853885054588317871e+00,1.400833964347839355e+00,3.503129720687866211e+00
7.241816520690917969e+00,-4.471944332122802734e+00,1.159323883056640625e+01
9.779348373413085938e+00,1.181668043136596680e+00,2.635532379150390625e+00
-1.199704527854919434e+00,2.174888610839843750e+00,4.017505168914794922e+00
-2.228918790817260742e+00,1.636672019958496094e+00,3.278351068496704102e+00
9.702111244201660156e+00,9.946003913879394531e+00,4.081834316253662109e+00
9.589555740356445312e+00,1.042332172393798828e+00,3.234397649765014648e+00
9.172583580017089844e+00,1.644914627075195312e+00,3.420298576354980469e+00
7.797988414764404297e+00,-4.043796062469482422e+00,1.238538455963134766e+01
-2.045759916305541992e+00,2.486034393310546875e+00,3.593733787536621094e+00
9.216911315917968750e+00,1.605664968490600586e+00,3.330638170242309570e+00
9.458100318908691406e+00,1.229614973068237305e+00,3.199024915695190430e+00
9.439653396606445312e+00,8.941925764083862305e-01,2.309520006179809570e+00
9.227346420288085938e+00,1.064898490905761719e+01,4.390142917633056641e+00
-1.342663288116455078e+00,2.169083356857299805e+00,3.535964965820312500e+00
8.725412368774414062e+00,9.196994781494140625e+00,4.481510162353515625e+00
8.872681617736816406e+00,1.022635936737060547e+01,3.446479797363281250e+00
9.738719940185546875e+00,1.008732891082763672e+01,4.557930946350097656e+00
-1.446091413497924805e+00,2.054874181747436523e+00,4.822326660156250000e+00
-1.632245302200317383e+00,1.944508194923400879e+00,3.986945152282714844e+00
8.890080451965332031e+00,6.908497810363769531e-01,2.827796459197998047e+00
9.532879829406738281e+00,3.366978466510772705e-01,3.061485528945922852e+00
-2.022800922393798828e+00,2.251755952835083008e+00,4.386420249938964844e+00
9.537719726562500000e+00,9.618637561798095703e-01,3.524132251739501953e+00
-2.496532201766967773e+00,2.077796697616577148e+00,3.618110179901123047e+00
8.674656867980957031e+00,1.068249702453613281e+01,4.688553810119628906e+00
8.386694908142089844e+00,1.065768146514892578e+01,4.564800262451171875e+00
9.714237213134765625e+00,4.780865311622619629e-01,3.171613931655883789e+00
-1.745514988899230957e+00,1.414224863052368164e+00,3.512582540512084961e+00
6.715740680694580078e+00,-3.922048568725585938e+00,1.221589183807373047e+01
9.118811607360839844e+00,1.152772068977355957e+00,2.896769762039184570e+00
8.409312248229980469e+00,5.172307491302490234e-01,3.490523815155029297e+00
9.165561676025390625e+00,-3.486393988132476807e-01,3.535900115966796875e+00
8.438938140869140625e+00,1.071436882019042969e+01,4.367498397827148438e+00
7.163480758666992188e+00,-4.056666851043701172e+00,1.234237480163574219e+01
8.618500709533691406e+00,1.079189300537109375e+01,4.235027790069580078e+00
6.725825309753417969e+00,-4.177060604095458984e+00,1.168187427520751953e+01
9.269435882568359375e+00,7.798922657966613770e-01,2.597807884216308594e+00
7.267389297485351562e+00,-4.480228900909423828e+00,1.148395252227783203e+01
-1.559694051742553711e+00,1.899230122566223145e+00,4.216284275054931641e+00
-2.029338359832763672e+00,2.349292039871215820e+00,4.468485355377197266e+00
9.520178794860839844e+00,1.440878629684448242e+00,3.408571720123291016e+00
-1.755898356437683105e+00,1.987409830093383789e+00,4.495348453521728516e+00
7.305410385131835938e+00,-3.283215761184692383e+00,1.220474052429199219e+01
9.503446578979492188e+00,5.277137756347656250e-01,2.500324964523315430e+00
-2.310913562774658203e+00,1.798899888992309570e+00,3.140778303146362305e+00
-1.900973320007324219e+00,1.858731031417846680e+00,3.418037414550781250e+00
9.264311790466308594e+00,1.084699392318725586e+00,2.778033733367919922e+00
9.766450881958007812e+00,1.013903713226318359e+01,4.587025642395019531e+00
-2.072947740554809570e+00,2.048782825469970703e+00,3.234309911727905273e+00
9.345790863037109375e+00,1.052550697326660156e+01,4.104958057403564453e+00
9.263057708740234375e+00,1.033900260925292969e+01,4.049786090850830078e+00
8.423130035400390625e+00,1.018132209777832031e+01,4.233985424041748047e+00
9.849691390991210938e+00,2.800934612751007080e-01,3.124068021774291992e+00
7.221726417541503906e+00,-4.569945812225341797e+00,1.144330787658691406e+01
-2.179666519165039062e+00,2.255728960037231445e+00,3.717926740646362305e+00
9.724359512329101562e+00,9.816512107849121094e+00,4.706772327423095703e+00
-1.260793685913085938e+00,1.991440176963806152e+00,4.939993381500244141e+00
-1.770148515701293945e+00,1.806553483009338379e+00,3.184835672378540039e+00
-1.694042086601257324e+00,2.383581399917602539e+00,4.841220378875732422e+00
9.625712394714355469e+00,9.800629615783691406e+00,4.012713909149169922e+00
9.394333839416503906e+00,6.959257125854492188e-01,3.243842601776123047e+00
6.840388298034667969e+00,-4.347967147827148438e+00,1.182667064666748047e+01
7.443037509918212891e+00,-4.127768039703369141e+00,1.189198017120361328e+01
9.587936401367187500e+00,8.332174420356750488e-01,2.337394237518310547e+00
9.076469421386718750e+00,2.425583153963088989e-01,3.762303352355957031e+00
6.780680656433105469e+00,-3.706321001052856445e+00,1.253902149200439453e+01
9.766962051391601562e+00,5.096415877342224121e-01,3.237930536270141602e+00
-1.553169965744018555e+00,1.871134281158447266e+00,3.030379533767700195e+00
9.553113937377929688e+00,1.789139509201049805e-01,3.108049869537353516e+00
-2.312669992446899414e+00,2.272105932235717773e+00,3.844041824340820312e+00
-1.683912396430969238e+00,2.068348407745361328e+00,3.257387638092041016e+00
9.215975761413574219e+00,1.053836536407470703e+01,3.836858272552490234e+00
7.180479526519775391e+00,-3.514750957489013672e+00,1.242883491516113281e+01
8.973363876342773438e+00,1.193622827529907227e+00,3.284850358963012695e+00
9.440448760986328125e+00,9.933844566345214844e+00,5.034337997436523438e+00
6.646572589874267578e+00,-3.711700916290283203e+00,1.194738006591796875e+01
9.481749534606933594e+00,7.393124103546142578e-01,3.549904346466064453e+00
9.205471992492675781e+00,1.021872997283935547e+01,4.919630527496337891e+00
-2.008940696716308594e+00,2.215275287628173828e+00,3.494111061096191406e+00
9.650598526000976562e+00,9.681351661682128906e+00,4.041989803314208984e+00
7.667513370513916016e+00,-4.353279113769531250e+00,1.198155593872070312e+01
7.680026531219482422e+00,-4.291610240936279297e+00,1.203598213195800781e+01
-2.233381032943725586e+00,2.360328912734985352e+00,4.051260471343994141e+00
6.686224937438964844e+00,-4.233008384704589844e+00,1.153820514678955078e+01
-1.716293454170227051e+00,2.413953304290771484e+00,4.160212993621826172e+00
8.960580825805664062e+00,4.257852435111999512e-01,3.097493171691894531e+00
7.719585418701171875e+00,-4.244951248168945312e+00,1.206415843963623047e+01
-2.201946258544921875e+00,2.240429162979125977e+00,3.319447278976440430e+00
-1.760095238685607910e+00,1.868218302726745605e+00,3.230216264724731445e+00
9.619410514831542969e+00,9.485316276550292969e+00,4.411221981048583984e+00
9.760582923889160156e+00,1.050987243652343750e+00,2.586730480194091797e+00
8.957693099975585938e+00,1.053879165649414062e+01,4.896760463714599609e+00
7.549221992492675781e+00,-3.412552118301391602e+00,1.244232368469238281e+01
-2.209987163543701172e+00,2.132168531417846680e+00,3.369652032852172852e+00
-2.473789691925048828e+00,1.665473699569702148e+00,3.381728410720825195e+00
-1.778933644294738770e+00,2.345926284790039062e+00,5.033477306365966797e+00
-1.856690526008605957e+00,2.548670053482055664e+00,3.517420530319213867e+00
-1.762611269950866699e+00,2.264139890670776367e+00,4.784735202789306641e+00
-1.515783309936523438e+00,2.306569337844848633e+00,5.031037330627441406e+00
7.331352710723876953e+00,-4.464532852172851562e+00,1.175499343872070312e+01
9.599664688110351562e+00,9.573179244995117188e+00,4.434934616088867188e+00
8.586234092712402344e+00,9.497396469116210938e+00,4.447447776794433594e+00
1.005788040161132812e+01,8.207170367240905762e-01,3.152841329574584961e+00
8.883207321166992188e+00,1.013155269622802734e+01,3.555354833602905273e+00
7.444410800933837891e+00,-3.671648740768432617e+00,1.215582656860351562e+01
-1.921685934066772461e+00,1.907970190048217773e+00,3.735926389694213867e+00
-1.766496777534484863e+00,2.043606519699096680e+00,3.769910335540771484e+00
7.409646511077880859e+00,-3.424205303192138672e+00,1.251634597778320312e+01
-2.473857402801513672e+00,1.845930933952331543e+00,3.090249300003051758e+00
-1.352548360824584961e+00,2.226019620895385742e+00,5.272963523864746094e+00
8.667200088500976562e+00,1.070252418518066406e+01,3.971483469009399414e+00
-1.990781664848327637e+00,1.489311456680297852e+00,3.708046436309814453e+00
-1.226873278617858887e+00,2.147564411163330078e+00,3.874872446060180664e+00
8.430706977844238281e+00,1.060560798645019531e+01,4.195846557617187500e+00
7.160772323608398438e+00,-4.225169181823730469e+00,1.138559341430664062e+01
8.936151504516601562e+00,1.039925670623779297e+01,4.928973197937011719e+00
9.531198501586914062e+00,9.313354492187500000e+00,4.483263492584228516e+00
8.914917945861816406e+00,1.074155807495117188e+01,4.352472782135009766e+00
8.275072097778320312e+00,1.035824680328369141e+01,4.049599170684814453e+00
-1.191783070564270020e+00,2.074448585510253906e+00,5.238419532775878906e+00
8.134283065795898438e+00,1.038597965240478516e+01,4.524221897125244141e+00
9.127731323242187500e+00,1.065733909606933594e+00,2.666930913925170898e+00
-1.384789466857910156e+00,2.062258243560791016e+00,3.860124349594116211e+00
7.228648662567138672e+00,-4.437072277069091797e+00,1.150540161132812500e+01
9.565240859985351562e+00,5.802597850561141968e-02,3.051614284515380859e+00
6.984746456146240234e+00,-4.509531021118164062e+00,1.167480659484863281e+01
8.882059097290039062e+00,1.167132735252380371e+00,2.811394214630126953e+00
-1.751248955726623535e+00,1.607846736907958984e+00,3.877058982849121094e+00
7.514976501464843750e+00,-4.280820846557617188e+00,1.246199321746826172e+01
-2.127243995666503906e+00,2.761142730712890625e+00,3.937181472778320312e+00
9.141530036926269531e+00,1.025389289855957031e+01,3.993056058883666992e+00
9.396046638488769531e+00,1.018911075592041016e+01,3.960883378982543945e+00
9.539624214172363281e+00,1.019700431823730469e+01,4.773182392120361328e+00
9.226364135742187500e+00,8.436510562896728516e-01,3.008103609085083008e+00
9.195441246032714844e+00,-4.065690338611602783e-01,3.464101314544677734e+00
-1.665351748466491699e+00,2.334103107452392578e+00,4.920404911041259766e+00
6.336658954620361328e+00,-3.665704011917114258e+00,1.224945163726806641e+01
-1.702400207519531250e+00,2.321319580078125000e+00,4.989016532897949219e+00
7.064805507659912109e+00,-3.520007371902465820e+00,1.249368286132812500e+01
8.793854713439941406e+00,9.211153984069824219e+00,4.492081165313720703e+00
9.340205192565917969e+00,1.177807688713073730e+00,2.769659996032714844e+00
-2.222401380538940430e+00,2.384201765060424805e+00,3.961987257003784180e+00
9.329019546508789062e+00,2.944440841674804688e-01,3.496072769165039062e+00
7.924829483032226562e+00,-4.076813220977783203e+00,1.234494113922119141e+01
9.444446563720703125e+00,7.198268771171569824e-01,3.101613998413085938e+00
8.852469444274902344e+00,6.358021497726440430e-01,2.889682292938232422e+00
7.861081123352050781e+00,-4.249126434326171875e+00,1.210500240325927734e+01
9.204673767089843750e+00,5.261493921279907227e-01,2.551137447357177734e+00
7.030705451965332031e+00,-4.508363246917724609e+00,1.161736202239990234e+01
9.554676055908203125e+00,6.507099270820617676e-01,2.766896009445190430e+00
8.812776565551757812e+00,9.459230899810791016e-01,2.787202119827270508e+00
7.864539623260498047e+00,-3.920433759689331055e+00,1.239909076690673828e+01
9.366548538208007812e+00,9.203834533691406250e+00,4.656108379364013672e+00
9.712251663208007812e+00,1.013537216186523438e+01,3.988871812820434570e+00
8.972709655761718750e+00,1.022197532653808594e+01,4.000324249267578125e+00
9.504015922546386719e+00,8.476158976554870605e-01,3.736607551574707031e+00
-2.206310033798217773e+00,1.687366724014282227e+00,3.904117345809936523e+00
8.903115272521972656e+00,1.071729540824890137e+00,3.318649768829345703e+00
-1.978313207626342773e+00,2.146603345870971680e+00,3.415813684463500977e+00
9.267282485961914062e+00,1.056243896484375000e+01,4.808351516723632812e+00
7.766294002532958984e+00,-3.971492528915405273e+00,1.255889797210693359e+01
-2.331812381744384766e+00,2.179936885833740234e+00,3.232613086700439453e+00
9.342066764831542969e+00,1.061419010162353516e+01,4.584401130676269531e+00
-1.049688816070556641e+00,2.307680845260620117e+00,3.649225234985351562e+00
-1.917806267738342285e+00,2.480221748352050781e+00,3.705350637435913086e+00
9.474242210388183594e+00,8.780254125595092773e-01,3.629073858261108398e+00
8.701432228088378906e+00,9.721047401428222656e+00,4.272964000701904297e+00
9.351117134094238281e+00,5.616492629051208496e-01,2.793927907943725586e+00
7.675013542175292969e+00,-4.312319755554199219e+00,1.220319843292236328e+01
7.434415817260742188e+00,-3.276478290557861328e+00,1.208770179748535156e+01
-1.753522634506225586e+00,1.700226426124572754e+00,3.390069246292114258e+00
-2.390393018722534180e+00,1.897782802581787109e+00,3.201409816741943359e+00
9.935565948486328125e+00,1.319762706756591797e+00,3.273754358291625977e+00
6.685022830963134766e+00,-4.073345184326171875e+00,1.179106044769287109e+01
8.983929634094238281e+00,1.072932624816894531e+01,3.432670354843139648e+00
9.723808288574218750e+00,6.031613349914550781e-01,2.889976263046264648e+00
9.789050102233886719e+00,1.058520078659057617e+00,2.600791931152343750e+00
7.126469135284423828e+00,-4.549907207489013672e+00,1.160757160186767578e+01
9.908894538879394531e+00,1.120625257492065430e+00,3.306237459182739258e+00
9.566989898681640625e+00,1.441532135009765625e+00,3.499394655227661133e+00
9.930706024169921875e+00,1.065734505653381348e+00,3.180123805999755859e+00
9.303200721740722656e+00,1.054895877838134766e+01,4.756765365600585938e+00
7.744739055633544922e+00,-4.444499015808105469e+00,1.199576187133789062e+01
7.247238159179687500e+00,-4.408737182617187500e+00,1.166797351837158203e+01
-1.803834319114685059e+00,1.446549415588378906e+00,3.799413204193115234e+00
9.745750427246093750e+00,1.106584906578063965e+00,3.037214279174804688e+00
9.614576339721679688e+00,9.847207069396972656e+00,4.486007213592529297e+00
8.834778785705566406e+00,1.094586467742919922e+01,3.315296411514282227e+00
9.748505592346191406e+00,7.642881870269775391e-01,2.935660362243652344e+00
7.518880844116210938e+00,-3.950162172317504883e+00,1.181558227539062500e+01
9.614271163940429688e+00,1.005865955352783203e+01,4.746551036834716797e+00
9.512486457824707031e+00,8.997190594673156738e-01,2.331162929534912109e+00
9.275767326354980469e+00,1.158757925033569336e+00,2.422886371612548828e+00
9.042824745178222656e+00,1.040779590606689453e+01,4.941867828369140625e+00
8.647276878356933594e+00,9.669249534606933594e+00,4.519807815551757812e+00
7.328036785125732422e+00,-4.121407032012939453e+00,1.223134899139404297e+01
6.907758712768554688e+00,-3.580108642578125000e+00,1.207382011413574219e+01
8.661815643310546875e+00,9.475670814514160156e+00,4.473794460296630859e+00
-1.798344969749450684e+00,1.555127263069152832e+00,3.555999279022216797e+00
9.328671455383300781e+00,1.050442504882812500e+01,4.511128425598144531e+00
1.010027980804443359e+01,7.081925272941589355e-01,3.843759059906005859e+00
7.056572914123535156e+00,-4.080641746520996094e+00,1.233226776123046875e+01
6.371326446533203125e+00,-3.385803699493408203e+00,1.202536678314208984e+01
6.584859848022460938e+00,-3.692917823791503906e+00,1.244021987915039062e+01
-1.272997975349426270e+00,2.211205959320068359e+00,3.692071199417114258e+00
-1.226039528846740723e+00,2.152846813201904297e+00,5.229062557220458984e+00
8.500348091125488281e+00,1.018960285186767578e+01,4.286657333374023438e+00
9.336176872253417969e+00,-2.864915430545806885e-01,3.337751388549804688e+00
7.656041622161865234e+00,-4.403912067413330078e+00,1.231183910369873047e+01
-1.865857601165771484e+00,2.253338336944580078e+00,4.708821773529052734e+00
-1.881985187530517578e+00,2.054701566696166992e+00,3.538086175918579102e+00
7.036662101745605469e+00,-3.554655551910400391e+00,1.233201980590820312e+01
7.283771038055419922e+00,-3.527160644531250000e+00,1.189396667480468750e+01
9.039101600646972656e+00,1.389257788658142090e+00,3.089137554168701172e+00
9.183156013488769531e+00,1.067330074310302734e+01,4.579846382141113281e+00
8.844821929931640625e+00,9.169825553894042969e+00,4.505170345306396484e+00
9.021222114562988281e+00,1.061714267730712891e+01,4.564630031585693359e+00
-1.522524356842041016e+00,2.191719293594360352e+00,3.254893064498901367e+00
6.853330612182617188e+00,-3.848273277282714844e+00,1.176981639862060547e+01
9.488307952880859375e+00,9.252985954284667969e+00,4.444018840789794922e+00
-1.874182820320129395e+00,2.081079721450805664e+00,3.228862285614013672e+00
8.874189376831054688e+00,9.182240486145019531e+00,4.544840812683105469e+00
9.311337471008300781e+00,1.051144981384277344e+01,4.508019447326660156e+00
9.453104972839355469e+00,1.019859600067138672e+01,3.854602336883544922e+00
9.118383407592773438e+00,1.075978088378906250e+01,4.308613777160644531e+00
9.985031127929687500e+00,9.268769621849060059e-01,2.869091987609863281e+00
6.797881603240966797e+00,-4.314769744873046875e+00,1.172038364410400391e+01
7.824270248413085938e+00,-3.943993806838989258e+00,1.248867607116699219e+01
9.261068344116210938e+00,1.617935299873352051e+00,3.439428091049194336e+00
8.978425025939941406e+00,6.864008307456970215e-01,2.945672750473022461e+00
6.455117702484130859e+00,-3.323865175247192383e+00,1.197235107421875000e+01
7.507126331329345703e+00,-3.054119825363159180e+00,1.174851894378662109e+01
9.290897369384765625e+00,1.175182700157165527e+00,2.545815944671630859e+00
7.040090560913085938e+00,-3.232913970947265625e+00,1.236560440063476562e+01
-1.767529726028442383e+00,1.472100019454956055e+00,3.291724443435668945e+00
9.962185859680175781e+00,8.214618563652038574e-01,3.769407987594604492e+00
-1.395805835723876953e+00,1.633133649826049805e+00,3.816818952560424805e+00
-1.582120895385742188e+00,2.292402029037475586e+00,3.722909212112426758e+00
9.437955856323242188e+00,1.055398941040039062e+00,3.624979019165039062e+00
-1.977070450782775879e+00,1.886156678199768066e+00,4.066890716552734375e+00
7.110378265380859375e+00,-4.540677070617675781e+00,1.152975559234619141e+01
9.209164619445800781e+00,-3.872997760772705078e-01,3.438347101211547852e+00
7.153086662292480469e+00,-3.316628694534301758e+00,1.200028705596923828e+01
7.210739612579345703e+00,-4.622497558593750000e+00,1.144227600097656250e+01
8.773814201354980469e+00,1.023116016387939453e+01,4.124470710754394531e+00
7.141482830047607422e+00,-3.771348953247070312e+00,1.217244434356689453e+01
7.297975063323974609e+00,-4.254115104675292969e+00,1.183096504211425781e+01
6.824481964111328125e+00,-4.282025337219238281e+00,1.204090785980224609e+01
8.725705146789550781e+00,9.618562698364257812e+00,4.258872509002685547e+00
6.777946949005126953e+00,-3.846220016479492188e+00,1.230682468414306641e+01
9.178082466125488281e+00,9.364524841308593750e+00,4.793891429901123047e+00
1.003162765502929688e+01,9.844100475311279297e-01,2.896857023239135742e+00
8.377344131469726562e+00,1.018358421325683594e+01,4.362553119659423828e+00
6.938100814819335938e+00,-4.512670993804931641e+00,1.163687610626220703e+01
7.652482986450195312e+00,-4.384604454040527344e+00,1.208510971069335938e+01
6.939296722412109375e+00,-3.760606527328491211e+00,1.224334335327148438e+01
9.201347351074218750e+00,9.782837629318237305e-01,2.647811412811279297e+00
-1.741007924079895020e+00,2.158779144287109375e+00,3.165580511093139648e+00
-1.576794385910034180e+00,2.325494050979614258e+00,5.113472461700439453e+00
-1.362545251846313477e+00,2.207127571105957031e+00,5.207982540130615234e+00
9.360738754272460938e+00,1.006442928314208984e+01,5.058130264282226562e+00
6.923355579376220703e+00,-3.580878973007202148e+00,1.223901367187500000e+01
9.990405082702636719e+00,1.160184979438781738e+00,3.200397729873657227e+00
-2.233887672424316406e+00,2.013229370117187500e+00,3.488583087921142578e+00
9.027236938476562500e+00,2.610725164413452148e-01,2.729713678359985352e+00
9.634726524353027344e+00,8.040943741798400879e-01,2.577107191085815430e+00
9.823026657104492188e+00,5.484170317649841309e-01,3.544425725936889648e+00
7.516180992126464844e+00,-4.370535850524902344e+00,1.172009658813476562e+01
-1.575583457946777344e+00,2.052358388900756836e+00,3.232200384140014648e+00
6.817222118377685547e+00,-3.730889558792114258e+00,1.250461101531982422e+01
8.892427444458007812e+00,1.051863002777099609e+01,4.468603610992431641e+00
-1.938872456550598145e+00,1.558125972747802734e+00,3.015874147415161133e+00
-2.044652223587036133e+00,2.089439868927001953e+00,3.745064020156860352e+00
9.320686340332031250e+00,9.246987342834472656e+00,4.713921070098876953e+00
6.980342388153076172e+00,-3.929367303848266602e+00,1.256332778930664062e+01
-1.866946339607238770e+00,1.538912057876586914e+00,3.602984189987182617e+00
8.559992790222167969e+00,1.075914478302001953e+01,4.101815223693847656e+00
8.644418716430664062e+00,1.014549374580383301e+00,2.818686008453369141e+00
-2.185900449752807617e+00,2.141803741455078125e+00,3.591828107833862305e+00
9.265328407287597656e+00,-4.308348000049591064e-01,3.396074295043945312e+00
9.243526458740234375e+00,7.944650053977966309e-01,3.486985921859741211e+00
9.837643623352050781e+00,5.755158066749572754e-01,3.458862781524658203e+00
9.404894828796386719e+00,2.145321220159530640e-01,3.144576311111450195e+00
6.959329128265380859e+00,-3.310172319412231445e+00,1.184116840362548828e+01
9.793913841247558594e+00,1.239281535148620605e+00,3.429932355880737305e+00
8.936440467834472656e+00,1.050063419342041016e+01,4.989508152008056641e+00
-2.402806997299194336e+00,1.974805235862731934e+00,3.412729263305664062e+00
9.420089721679687500e+00,9.224822044372558594e+00,4.488917350769042969e+00
-1.786759734153747559e+00,2.336728811264038086e+00,3.282389163970947266e+00
9.596820831298828125e+00,1.093204617500305176e+00,2.445084333419799805e+00
9.585638046264648438e+00,1.008248043060302734e+01,4.387026309967041016e+00
7.251698970794677734e+00,-3.884068965911865234e+00,1.258356857299804688e+01
-1.975088238716125488e+00,2.534486055374145508e+00,3.661045789718627930e+00
-2.019107580184936523e+00,2.098524093627929688e+00,4.055046081542968750e+00
