-1.724678725004196167e-01,2.879635810852050781e+00
-8.315074443817138672e-01,3.647236347198486328e+00
-1.627234220504760742e+00,2.905684471130371094e+00
1.012848472595214844e+01,-4.047831892967224121e-01
9.464453905820846558e-02,2.813485145568847656e+00
1.006369686126708984e+01,-3.710993826389312744e-01
1.056832313537597656e+01,-6.270962953567504883e-01
9.690571784973144531e+00,7.341838836669921875e+00
-1.185619115829467773e+00,2.358234643936157227e+00
-1.778467744588851929e-01,2.349752187728881836e+00
1.102238368988037109e+01,-9.128097891807556152e-01
-1.405024528503417969e+00,3.403845071792602539e+00
1.083363914489746094e+01,-1.176250576972961426e+00
-6.305951476097106934e-01,3.269200801849365234e+00
9.794908523559570312e+00,-1.190442562103271484e+00
1.002854347229003906e+01,6.905477523803710938e+00
8.622335433959960938e+00,1.150186920166015625e+01
9.226076126098632812e+00,1.128315353393554688e+01
-5.520989894866943359e-01,3.364781618118286133e+00
9.096671104431152344e+00,7.261654376983642578e+00
9.880642890930175781e+00,7.662867069244384766e+00
9.293788909912109375e+00,1.102084922790527344e+01
1.055506706237792969e+01,-7.068823575973510742e-01
8.942890167236328125e+00,6.741144180297851562e+00
9.204204559326171875e+00,1.023858356475830078e+01
9.399166107177734375e+00,1.030210494995117188e+01
1.101721000671386719e+01,-1.820670068264007568e-01
8.215215682983398438e+00,1.131290245056152344e+01
7.900343894958496094e+00,1.092161655426025391e+01
9.647152900695800781e+00,1.115926265716552734e+01
-1.615892529487609863e+00,1.968959927558898926e+00
-1.765705943107604980e+00,3.028248310089111328e+00
9.371666908264160156e+00,1.196051025390625000e+01
1.073738384246826172e+01,-1.562975883483886719e+00
9.526356697082519531e+00,7.350075244903564453e+00
9.805644989013671875e+00,1.148567485809326172e+01
9.412658691406250000e+00,-8.997652530670166016e-01
9.702380180358886719e+00,1.196680831909179688e+01
9.942728042602539062e+00,-1.890677332878112793e+00
8.737386703491210938e+00,1.073785686492919922e+01
1.142943191528320312e+01,-1.202390313148498535e+00
8.634905815124511719e+00,1.178723621368408203e+01
9.451644897460937500e+00,5.455795764923095703e+00
-1.186395525932312012e+00,3.093816995620727539e+00
9.103339195251464844e+00,1.089109802246093750e+01
8.649014472961425781e+00,1.145141410827636719e+01
9.498646736145019531e+00,-8.178587555885314941e-01
9.439217567443847656e+00,6.945654392242431641e+00
9.812424659729003906e+00,-5.246023535728454590e-01
9.449468612670898438e+00,-1.218492388725280762e+00
-7.357705235481262207e-01,1.673246264457702637e+00
1.072465705871582031e+01,-9.393832087516784668e-02
1.006856155395507812e+01,-1.763940572738647461e+00
8.959544181823730469e+00,6.921281814575195312e+00
1.114361953735351562e+01,-1.566633820533752441e+00
8.695075035095214844e+00,5.892282009124755859e+00
8.589810371398925781e+00,6.838526725769042969e+00
-1.446273803710937500e+00,2.809100151062011719e+00
1.095838832855224609e+01,-1.801726102828979492e+00
-4.090078175067901611e-01,2.850914716720581055e+00
1.071519088745117188e+01,-9.870283007621765137e-01
9.845344543457031250e+00,-1.654396057128906250e+00
-2.096883296966552734e+00,2.902929782867431641e+00
1.135736560821533203e+01,-1.296014428138732910e+00
1.032029342651367188e+01,6.342329502105712891e+00
9.878427505493164062e+00,-1.367773652076721191e+00
8.840104103088378906e+00,1.049562168121337891e+01
1.003782558441162109e+01,-1.687265872955322266e+00
8.397104263305664062e+00,6.202112674713134766e+00
9.207603454589843750e+00,7.108207225799560547e+00
-6.154588460922241211e-01,2.632964611053466797e+00
1.089651584625244141e+01,-7.991865277290344238e-01
1.051898479461669922e+01,-1.156474590301513672e+00
1.122411537170410156e+01,-5.054139494895935059e-01
9.630139350891113281e+00,5.919864177703857422e+00
9.081586837768554688e+00,-6.735196709632873535e-01
8.720683097839355469e+00,5.526079177856445312e+00
9.844254493713378906e+00,1.150117874145507812e+01
-7.892235517501831055e-01,2.692885160446166992e+00
1.114759922027587891e+01,-1.332556843757629395e+00
9.763716697692871094e+00,6.717460155487060547e+00
9.453658103942871094e+00,1.176153278350830078e+01
1.051623058319091797e+01,-4.103688001632690430e-01
-1.390677094459533691e+00,2.238686800003051758e+00
8.922998428344726562e+00,5.950891494750976562e+00
-1.482552289962768555e+00,3.617987394332885742e+00
9.353324890136718750e+00,1.146597576141357422e+01
9.703734397888183594e+00,6.935626506805419922e+00
9.452709197998046875e+00,5.922856807708740234e+00
9.738224983215332031e+00,-2.084629058837890625e+00
-9.741398692131042480e-01,2.957156658172607422e+00
9.170952796936035156e+00,7.047407150268554688e+00
9.661334991455078125e+00,1.128671264648437500e+01
1.082778739929199219e+01,-1.778487563133239746e+00
-2.157387137413024902e-01,3.146033763885498047e+00
-9.316980838775634766e-01,3.489765644073486328e+00
-9.338040947914123535e-01,3.675009250640869141e+00
1.100315284729003906e+01,-1.358646154403686523e+00
1.006793594360351562e+01,-8.537095785140991211e-01
1.064893913269042969e+01,-1.407956719398498535e+00
-9.616269469261169434e-01,2.585096359252929688e+00
-5.915171504020690918e-01,2.388580799102783203e+00
9.716391563415527344e+00,5.734280586242675781e+00
9.720730781555175781e+00,-4.051404446363449097e-02
-1.011389493942260742e+00,3.498694658279418945e+00
8.453800201416015625e+00,1.129192256927490234e+01
1.062749481201171875e+01,-1.205682992935180664e+00
-1.682801723480224609e+00,2.056009054183959961e+00
9.819746971130371094e+00,6.600990295410156250e+00
-1.068711876869201660e+00,2.665103912353515625e+00
-8.397485017776489258e-01,2.263096570968627930e+00
-1.672958731651306152e+00,2.568416833877563477e+00
8.893786430358886719e+00,6.036370754241943359e+00
1.035287475585937500e+01,5.824633598327636719e+00
9.534583091735839844e+00,-1.374567389488220215e+00
9.470468521118164062e+00,5.860185623168945312e+00
1.012024307250976562e+01,7.365061759948730469e+00
9.320572853088378906e+00,7.272483825683593750e+00
1.004839229583740234e+01,-1.155774474143981934e+00
9.006478309631347656e+00,9.228011131286621094e+00
8.758727073669433594e+00,1.026708602905273438e+01
8.992655754089355469e+00,1.205939865112304688e+01
9.146608352661132812e+00,6.517479419708251953e+00
1.011687850952148438e+01,6.329762935638427734e+00
8.456269264221191406e+00,1.075682067871093750e+01
9.475760459899902344e+00,6.440315723419189453e+00
1.126412105560302734e+01,-1.180507659912109375e+00
7.982653617858886719e+00,1.116688728332519531e+01
9.387455940246582031e+00,6.669403076171875000e+00
1.107646369934082031e+01,-6.684039235115051270e-01
9.667045593261718750e+00,-1.459853291511535645e+00
-1.000877499580383301e+00,2.406239748001098633e+00
1.020097827911376953e+01,-1.671587824821472168e+00
1.039963531494140625e+01,-2.018415212631225586e+00
9.356952667236328125e+00,-1.117567420005798340e+00
8.665624618530273438e+00,1.084477233886718750e+01
8.703677177429199219e+00,5.609660625457763672e+00
1.008746528625488281e+01,-1.061216711997985840e+00
8.533198356628417969e+00,5.713120460510253906e+00
-4.908872246742248535e-01,3.256643772125244141e+00
-1.832900166511535645e+00,3.279730558395385742e+00
1.051519203186035156e+01,9.076384454965591431e-02
8.958872795104980469e+00,1.121721553802490234e+01
-1.784819960594177246e+00,3.501006364822387695e+00
9.130774497985839844e+00,5.303101539611816406e+00
-2.098621368408203125e+00,2.914365053176879883e+00
9.668479919433593750e+00,6.358111858367919922e+00
9.874604225158691406e+00,-1.188311100006103516e+00
1.123503780364990234e+01,-7.840288281440734863e-01
8.755902290344238281e+00,6.815628528594970703e+00
9.200610160827636719e+00,-9.581173062324523926e-01
1.003245735168457031e+01,6.938613891601562500e+00
8.180069923400878906e+00,1.102734661102294922e+01
9.448524475097656250e+00,6.939416408538818359e+00
-1.561779618263244629e+00,2.474968433380126953e+00
8.049225807189941406e+00,6.671909809112548828e+00
9.171842575073242188e+00,5.838866710662841797e+00
9.666096687316894531e+00,1.086802577972412109e+01
8.919395446777343750e+00,1.206539630889892578e+01
9.394783020019531250e+00,6.035865306854248047e+00
9.546214103698730469e+00,6.537161827087402344e+00
-2.057134062051773071e-01,2.166383743286132812e+00
9.772285461425781250e+00,1.105526542663574219e+01
1.118613147735595703e+01,-1.002399682998657227e+00
9.255095481872558594e+00,1.133301448822021484e+01
9.536927223205566406e+00,6.574858188629150391e+00
-2.260112613439559937e-01,2.138895750045776367e+00
8.692431449890136719e+00,1.190824985504150391e+01
9.217602729797363281e+00,1.114101600646972656e+01
1.053683090209960938e+01,-1.921916484832763672e+00
9.452099800109863281e+00,1.198628711700439453e+01
8.075634002685546875e+00,1.101927375793457031e+01
-9.541413187980651855e-01,3.334850311279296875e+00
-1.887085080146789551e+00,2.544037342071533203e+00
1.063779544830322266e+01,-1.706659555435180664e+00
1.098602104187011719e+01,-1.513033509254455566e+00
9.059804916381835938e+00,1.141198348999023438e+01
9.257389068603515625e+00,-1.385914683341979980e+00
1.021114921569824219e+01,-1.064786076545715332e+00
9.002359390258789062e+00,1.075391197204589844e+01
1.063337898254394531e+01,-7.372494935989379883e-01
1.092798137664794922e+01,-1.462093234062194824e+00
9.167066574096679688e+00,7.511982440948486328e+00
9.252614021301269531e+00,-1.287381529808044434e+00
1.057985115051269531e+01,-6.555866003036499023e-01
9.402283668518066406e+00,-1.379442811012268066e+00
1.009602928161621094e+01,-2.114237070083618164e+00
-9.273013472557067871e-01,2.350075006484985352e+00
1.000368404388427734e+01,6.428668022155761719e+00
-1.665021181106567383e+00,2.574632167816162109e+00
-1.035512089729309082e+00,1.882128357887268066e+00
-3.439720273017883301e-01,3.094945669174194336e+00
-1.443614006042480469e+00,2.681107759475708008e+00
8.087255477905273438e+00,1.134035873413085938e+01
-1.588640064001083374e-01,1.908124327659606934e+00
9.234523773193359375e+00,8.030497550964355469e+00
1.112450313568115234e+01,-1.360652685165405273e+00
8.844554901123046875e+00,1.205554962158203125e+01
-7.061479091644287109e-01,2.157142639160156250e+00
-8.821539282798767090e-01,3.337752819061279297e+00
8.576987266540527344e+00,1.051486301422119141e+01
-1.003906250000000000e+00,1.847567081451416016e+00
-1.445705056190490723e+00,2.248686313629150391e+00
9.373834609985351562e+00,-7.149709463119506836e-01
-1.325547993183135986e-01,3.108012437820434570e+00
-6.087632179260253906e-01,1.874794125556945801e+00
9.783325195312500000e+00,6.369128227233886719e+00
8.463304519653320312e+00,6.939769744873046875e+00
8.606920242309570312e+00,6.025970935821533203e+00
9.908696174621582031e+00,5.747131824493408203e+00
-1.072581410408020020e+00,2.898094415664672852e+00
9.727836608886718750e+00,-1.374920487403869629e+00
8.503165245056152344e+00,1.071770095825195312e+01
9.554039955139160156e+00,1.070541763305664062e+01
1.088521575927734375e+01,-1.860358476638793945e+00
-1.481878638267517090e+00,3.387504100799560547e+00
-8.547496795654296875e-01,1.825966000556945801e+00
1.107302570343017578e+01,-1.622538328170776367e+00
8.396047592163085938e+00,1.036565589904785156e+01
9.876630783081054688e+00,-2.588993906974792480e-01
1.029877376556396484e+01,-3.713880181312561035e-01
9.918148994445800781e+00,-1.113837361335754395e+00
8.632802963256835938e+00,1.052565288543701172e+01
8.722783088684082031e+00,1.149574661254882812e+01
1.002396202087402344e+01,-1.950402498245239258e+00
8.438918113708496094e+00,1.103916454315185547e+01
-4.341650903224945068e-01,1.935078024864196777e+00
1.117996883392333984e+01,-5.646131634712219238e-01
9.790534019470214844e+00,7.873182296752929688e+00
9.821848869323730469e+00,5.738168716430664062e+00
-2.388692647218704224e-01,3.008189678192138672e+00
9.087827682495117188e+00,1.124823570251464844e+01
1.025245666503906250e+01,-1.661057233810424805e+00
9.498339653015136719e+00,1.160122871398925781e+01
8.903218269348144531e+00,6.830228328704833984e+00
-1.204989910125732422e+00,1.762730479240417480e+00
8.607849121093750000e+00,7.246749877929687500e+00
-1.111668944358825684e+00,2.832476377487182617e+00
-6.383799314498901367e-01,2.619035243988037109e+00
9.722682952880859375e+00,-2.028284788131713867e+00
9.377598762512207031e+00,1.148015594482421875e+01
9.975182533264160156e+00,-6.726917028427124023e-01
8.363365173339843750e+00,1.039484500885009766e+01
-9.391378760337829590e-01,3.653057575225830078e+00
1.018862438201904297e+01,-9.849378466606140137e-01
-1.980044692754745483e-01,3.081373214721679688e+00
9.567456245422363281e+00,1.200718879699707031e+01
-1.058639049530029297e+00,2.762130737304687500e+00
8.587748527526855469e+00,1.176764297485351562e+01
-1.844601392745971680e+00,3.262459039688110352e+00
9.078783035278320312e+00,6.259247779846191406e+00
7.987349510192871094e+00,1.117869853973388672e+01
9.964429855346679688e+00,6.464658737182617188e+00
-8.442180156707763672e-01,1.753894090652465820e+00
1.014660167694091797e+01,6.739181995391845703e+00
9.885498046875000000e+00,-5.903820395469665527e-01
1.017738914489746094e+01,-2.448393553495407104e-01
8.805385589599609375e+00,5.701359272003173828e+00
8.844646453857421875e+00,5.690350055694580078e+00
9.794594764709472656e+00,5.493784427642822266e+00
9.000380516052246094e+00,6.429491519927978516e+00
1.021128845214843750e+01,-2.053285837173461914e+00
-1.758123040199279785e+00,2.715193033218383789e+00
-2.130974531173706055e+00,2.586875438690185547e+00
9.393832206726074219e+00,-1.333531737327575684e+00
9.142679214477539062e+00,7.662388801574707031e+00
8.445313453674316406e+00,6.176394939422607422e+00
9.722792625427246094e+00,1.088193225860595703e+01
-1.402668833732604980e+00,2.085869073867797852e+00
8.870136260986328125e+00,5.833409309387207031e+00
9.439569473266601562e+00,7.269647121429443359e+00
9.526517868041992188e+00,1.189024829864501953e+01
8.642665863037109375e+00,1.069034099578857422e+01
9.459411621093750000e+00,5.456738948822021484e+00
9.471391677856445312e+00,6.203491687774658203e+00
9.652164459228515625e+00,-5.824460387229919434e-01
9.913363456726074219e+00,-1.749206781387329102e+00
-2.437995821237564087e-01,2.695873498916625977e+00
8.946001052856445312e+00,7.040249824523925781e+00
-1.647464871406555176e+00,3.165223360061645508e+00
9.994882583618164062e+00,-1.929100394248962402e+00
1.020147037506103516e+01,-2.449490875005722046e-01
8.781977653503417969e+00,5.639908313751220703e+00
-1.969166517257690430e+00,2.541701793670654297e+00
9.185475349426269531e+00,6.668985843658447266e+00
9.170906066894531250e+00,1.130651855468750000e+01
-1.104458689689636230e+00,2.792354822158813477e+00
9.940222740173339844e+00,5.487175941467285156e+00
9.609046936035156250e+00,5.596444129943847656e+00
9.334704399108886719e+00,-9.541242122650146484e-01
8.844845771789550781e+00,6.729149341583251953e+00
8.791889190673828125e+00,1.134106445312500000e+01
9.551428794860839844e+00,1.194825172424316406e+01
8.837449073791503906e+00,1.053563976287841797e+01
8.406069755554199219e+00,6.473521709442138672e+00
9.260167121887207031e+00,6.752653121948242188e+00
1.150586509704589844e+01,-1.088930249214172363e+00
-4.188756346702575684e-01,3.626238107681274414e+00
9.578564643859863281e+00,1.187787532806396484e+01
1.104816532135009766e+01,-7.308374643325805664e-01
1.107751464843750000e+01,-1.644464492797851562e+00
-3.933756053447723389e-01,2.585055828094482422e+00
1.096274375915527344e+01,-1.139437437057495117e+00
1.023498153686523438e+01,5.924533843994140625e+00
-1.620187520980834961e+00,3.433869123458862305e+00
1.007427310943603516e+01,5.957725524902343750e+00
-1.500420808792114258e+00,2.797811031341552734e+00
8.710724830627441406e+00,5.987355232238769531e+00
9.833511352539062500e+00,7.204027175903320312e+00
1.002970504760742188e+01,-6.746935248374938965e-01
8.920290946960449219e+00,1.048647022247314453e+01
9.218132019042968750e+00,1.041820621490478516e+01
9.135106086730957031e+00,1.046040248870849609e+01
-1.089131712913513184e+00,2.089663267135620117e+00
9.974057197570800781e+00,6.916172981262207031e+00
-8.581618666648864746e-01,1.731135368347167969e+00
9.216158866882324219e+00,6.344966888427734375e+00
9.995760917663574219e+00,6.734107971191406250e+00
8.646597862243652344e+00,1.151676273345947266e+01
-9.417335391044616699e-01,3.427272081375122070e+00
9.764389038085937500e+00,-4.494581744074821472e-02
8.773246765136718750e+00,1.100492572784423828e+01
9.134709358215332031e+00,6.506915092468261719e+00
-1.993369102478027344e+00,2.259647846221923828e+00
1.043564224243164062e+01,-3.857003748416900635e-01
9.975421905517578125e+00,-9.645248055458068848e-01
-4.094815850257873535e-01,2.567770004272460938e+00
8.709641456604003906e+00,1.147241592407226562e+01
9.686681747436523438e+00,7.502268314361572266e+00
1.059131336212158203e+01,-1.523259282112121582e+00
9.157775878906250000e+00,6.086286067962646484e+00
1.015289688110351562e+01,-1.767790913581848145e+00
1.043719577789306641e+01,-1.613632321357727051e+00
1.110507297515869141e+01,-1.745780110359191895e+00
1.022226238250732422e+01,-4.094918370246887207e-01
-1.892428874969482422e+00,2.301167964935302734e+00
9.672966957092285156e+00,-1.307215929031372070e+00
9.254478454589843750e+00,6.225193023681640625e+00
-1.881712794303894043e+00,2.139259338378906250e+00
9.660940170288085938e+00,1.125571727752685547e+01
8.961958885192871094e+00,6.059721469879150391e+00
1.057872676849365234e+01,-1.140958905220031738e+00
9.580743789672851562e+00,1.159984970092773438e+01
-1.771272659301757812e+00,2.811670541763305664e+00
8.849668502807617188e+00,7.036189556121826172e+00
9.203764915466308594e+00,5.755790233612060547e+00
8.630418777465820312e+00,1.158050632476806641e+01
1.101136684417724609e+01,-1.404529929161071777e+00
9.044696807861328125e+00,1.132534217834472656e+01
9.088102340698242188e+00,1.052706241607666016e+01
-1.207270264625549316e+00,2.436930656433105469e+00
9.853655815124511719e+00,5.674768447875976562e+00
8.785642623901367188e+00,1.033848953247070312e+01
-2.032802343368530273e+00,2.727507829666137695e+00
9.845233917236328125e+00,5.924378871917724609e+00
9.193737983703613281e+00,7.087049961090087891e+00
9.014438629150390625e+00,1.198355102539062500e+01
1.011342048645019531e+01,6.249998092651367188e+00
9.083308219909667969e+00,1.052350711822509766e+01
1.074782466888427734e+01,-1.223371028900146484e+00
8.815856933593750000e+00,6.029333114624023438e+00
-1.433296203613281250e+00,3.277331829071044922e+00
-5.240024924278259277e-01,3.199846982955932617e+00
9.283204078674316406e+00,-2.867030501365661621e-01
-7.168545722961425781e-01,3.281031847000122070e+00
8.477266311645507812e+00,1.037011432647705078e+01
8.847796440124511719e+00,6.654726982116699219e+00
-2.159791946411132812e+00,2.649532556533813477e+00
-1.924594879150390625e+00,2.728290557861328125e+00
8.514639854431152344e+00,1.171469020843505859e+01
8.770564079284667969e+00,1.066838359832763672e+01
1.093278121948242188e+01,-5.785109400749206543e-01
1.025784492492675781e+01,-4.214383661746978760e-01
8.917793273925781250e+00,1.161321735382080078e+01
1.087205696105957031e+01,-2.012011408805847168e-01
8.672654151916503906e+00,9.978636741638183594e+00
9.808609008789062500e+00,-2.459084987640380859e-01
-4.128021597862243652e-01,2.833117008209228516e+00
-1.102279424667358398e+00,2.417449474334716797e+00
9.840960502624511719e+00,-2.060060977935791016e+00
9.925742149353027344e+00,6.482332706451416016e+00
1.128772640228271484e+01,-1.364095807075500488e+00
1.082859992980957031e+01,-6.921083331108093262e-01
1.005537700653076172e+01,7.485817909240722656e+00
9.947213172912597656e+00,-2.075585603713989258e+00
1.466488987207412720e-01,3.275620937347412109e+00
9.764017105102539062e+00,-1.189428687095642090e+00
8.334617614746093750e+00,6.429181098937988281e+00
-5.884101986885070801e-01,2.783962965011596680e+00
-6.823686361312866211e-01,1.746015191078186035e+00
9.247021675109863281e+00,8.134125709533691406e+00
9.008427619934082031e+00,1.151126575469970703e+01
9.430500030517578125e+00,7.249048233032226562e+00
-8.546833992004394531e-01,3.375810384750366211e+00
1.031155967712402344e+01,5.941256046295166016e+00
8.658629417419433594e+00,1.022290897369384766e+01
8.666529655456542969e+00,6.769241809844970703e+00
1.123189926147460938e+01,-8.201150894165039062e-01
-1.129066467285156250e+00,1.801331281661987305e+00
-4.939363002777099609e-01,2.351086854934692383e+00
-6.926648020744323730e-01,2.880505323410034180e+00
1.098568725585937500e+01,-3.492040038108825684e-01
9.327409744262695312e+00,6.812304973602294922e+00
9.935493469238281250e+00,-1.773584485054016113e+00
9.153781890869140625e+00,6.240962028503417969e+00
9.666049003601074219e+00,-7.288080453872680664e-01
1.081589126586914062e+01,-1.035570263862609863e+00
8.534287452697753906e+00,5.767739772796630859e+00
8.239830970764160156e+00,1.028251457214355469e+01
9.180314064025878906e+00,1.196219348907470703e+01
-1.718198299407958984e+00,1.923138499259948730e+00
9.756503105163574219e+00,1.110294342041015625e+01
8.842573165893554688e+00,5.541429519653320312e+00
9.683551788330078125e+00,7.619822978973388672e+00
9.289151191711425781e+00,1.107874393463134766e+01
9.548559188842773438e+00,-1.780203580856323242e+00
8.464022636413574219e+00,6.046246051788330078e+00
8.863002777099609375e+00,5.680434703826904297e+00
-1.648411989212036133e+00,2.453880071640014648e+00
-1.508101224899291992e+00,2.614581108093261719e+00
8.775133132934570312e+00,6.213159084320068359e+00
1.059777545928955078e+01,-8.836668729782104492e-01
8.947401046752929688e+00,1.201465415954589844e+01
1.118435764312744141e+01,-9.994338750839233398e-01
9.143889427185058594e+00,9.890494346618652344e+00
9.516712188720703125e+00,5.244798660278320312e+00
9.121508598327636719e+00,1.107629394531250000e+01
1.069527912139892578e+01,-6.296537518501281738e-01
1.076833438873291016e+01,-6.603783369064331055e-01
8.749878883361816406e+00,1.189307785034179688e+01
1.064099884033203125e+01,-1.712367534637451172e+00
9.434149742126464844e+00,1.185209274291992188e+01
8.812970161437988281e+00,1.175658226013183594e+01
1.016343498229980469e+01,6.522016525268554688e+00
1.107726764678955078e+01,-4.996266961097717285e-01
9.167636871337890625e+00,1.084548473358154297e+01
9.419705390930175781e+00,6.026891708374023438e+00
1.074348354339599609e+01,-2.000729084014892578e+00
-1.111818075180053711e+00,2.496707916259765625e+00
-1.344212412834167480e+00,2.028582096099853516e+00
8.480419158935546875e+00,1.107376289367675781e+01
8.847242355346679688e+00,6.359112739562988281e+00
-1.213631510734558105e+00,2.259115457534790039e+00
-1.406823873519897461e+00,3.306682586669921875e+00
9.920930862426757812e+00,-1.788413882255554199e+00
9.343126296997070312e+00,7.145755290985107422e+00
8.869053840637207031e+00,6.244540214538574219e+00
8.926435470581054688e+00,1.216295814514160156e+01
-1.163011670112609863e+00,3.248656749725341797e+00
8.994230270385742188e+00,5.814814567565917969e+00
8.888580322265625000e+00,7.061298370361328125e+00
9.941347122192382812e+00,6.863564491271972656e+00
1.071563053131103516e+01,-1.099978685379028320e+00
-8.141750693321228027e-01,2.276078939437866211e+00
9.536155700683593750e+00,-1.125338673591613770e+00
1.044842720031738281e+01,-2.053175687789916992e+00
9.685321807861328125e+00,-9.318861961364746094e-01
-1.535268306732177734e+00,2.047293901443481445e+00
-1.736637353897094727e+00,2.448894739151000977e+00
9.401247978210449219e+00,7.014723777770996094e+00
8.610326766967773438e+00,5.562786102294921875e+00
-1.738636493682861328e+00,3.480546474456787109e+00
9.808147430419921875e+00,7.042680263519287109e+00
-6.487086415290832520e-01,2.184012651443481445e+00
1.021540546417236328e+01,-1.146515846252441406e+00
1.064101505279541016e+01,-1.361662983894348145e+00
9.729632377624511719e+00,5.420085906982421875e+00
-1.816481590270996094e+00,2.602401018142700195e+00
9.630606651306152344e+00,1.197683620452880859e+01
8.758708000183105469e+00,5.724131584167480469e+00
1.025341129302978516e+01,-3.786760866641998291e-01
9.094708442687988281e+00,7.105636596679687500e+00
1.094473934173583984e+01,-1.770061969757080078e+00
8.236582756042480469e+00,1.150633811950683594e+01
9.948394775390625000e+00,-1.798740625381469727e+00
9.301795005798339844e+00,1.033540534973144531e+01
9.776589393615722656e+00,6.428097724914550781e+00
8.241013526916503906e+00,1.108939170837402344e+01
-1.518678188323974609e+00,3.602987289428710938e+00
-9.858199954032897949e-01,3.023207664489746094e+00
9.375277519226074219e+00,6.518462657928466797e+00
-5.893313884735107422e-01,2.204673051834106445e+00
8.538048744201660156e+00,1.140030479431152344e+01
9.637618064880371094e+00,5.860050201416015625e+00
-1.530859470367431641e+00,2.832110404968261719e+00
-9.244065284729003906e-01,3.324512481689453125e+00
8.727577209472656250e+00,6.212954521179199219e+00
9.896393775939941406e+00,-1.727646112442016602e+00
-1.248565912246704102e+00,2.131633758544921875e+00
1.102806377410888672e+01,-9.238442182540893555e-01
1.084543514251708984e+01,-9.862983822822570801e-01
1.046467399597167969e+01,-4.889230132102966309e-01
9.058466911315917969e+00,6.435757637023925781e+00
8.884564399719238281e+00,1.180601978302001953e+01
-5.865054130554199219e-01,2.387279510498046875e+00
1.128297615051269531e+01,-7.361282110214233398e-01
-1.495595216751098633e+00,1.696817755699157715e+00
-4.727300107479095459e-01,3.036445856094360352e+00
-5.737087130546569824e-01,2.112727880477905273e+00
9.684615135192871094e+00,-1.317717075347900391e+00
9.832398414611816406e+00,7.241786956787109375e+00
9.520548820495605469e+00,1.046341991424560547e+01
8.322894096374511719e+00,1.159499549865722656e+01
8.818327903747558594e+00,7.261048316955566406e+00
9.349280357360839844e+00,6.304285526275634766e+00
9.465385437011718750e+00,1.092513942718505859e+01
9.255441665649414062e+00,6.199065208435058594e+00
-1.366276264190673828e+00,2.216157674789428711e+00
1.008894729614257812e+01,6.259082794189453125e+00
-6.149020195007324219e-01,3.368167400360107422e+00
-1.854651868343353271e-01,2.841173648834228516e+00
1.095114421844482422e+01,-1.377772092819213867e+00
9.726814270019531250e+00,1.111928653717041016e+01
9.218867301940917969e+00,5.870442867279052734e+00
1.012118625640869141e+01,-3.779720664024353027e-01
9.623738288879394531e+00,1.121961021423339844e+01
9.244432449340820312e+00,7.817434787750244141e+00
1.033160400390625000e+01,-1.604930609464645386e-01
-1.585624098777770996e+00,2.187290191650390625e+00
9.611735343933105469e+00,5.602786064147949219e+00
8.259575843811035156e+00,1.106927776336669922e+01
8.346133232116699219e+00,1.121573734283447266e+01
-1.342120528221130371e+00,3.574622392654418945e+00
9.612501144409179688e+00,1.093208885192871094e+01
-5.458372235298156738e-01,2.068899154663085938e+00
9.451848983764648438e+00,7.907361030578613281e+00
8.385416030883789062e+00,1.121107578277587891e+01
-9.663414955139160156e-01,2.524340391159057617e+00
-1.605345606803894043e+00,3.085577249526977539e+00
1.056943702697753906e+01,-1.683803319931030273e+00
9.168954849243164062e+00,6.737936973571777344e+00
1.048052978515625000e+01,-1.448288202285766602e+00
8.577768325805664062e+00,1.052530479431152344e+01
-7.980583310127258301e-01,2.826504468917846680e+00
-3.641161620616912842e-01,3.379430294036865234e+00
-1.005967617034912109e+00,2.615787506103515625e+00
-1.558105707168579102e+00,3.458078861236572266e+00
-5.908913612365722656e-01,3.437124729156494141e+00
-9.122127294540405273e-01,2.523115158081054688e+00
8.563890457153320312e+00,1.070255756378173828e+01
9.733717918395996094e+00,-1.787288665771484375e+00
9.373178482055664062e+00,-6.703221797943115234e-01
8.934857368469238281e+00,6.333821773529052734e+00
1.127982807159423828e+01,-1.305757522583007812e+00
9.254185676574707031e+00,1.155329132080078125e+01
-5.776969194412231445e-01,3.292335748672485352e+00
-1.682597160339355469e+00,3.422765254974365234e+00
9.308313369750976562e+00,1.199350166320800781e+01
-1.958071231842041016e+00,2.299870491027832031e+00
-3.111391067504882812e-01,2.048788309097290039e+00
1.110651493072509766e+01,-1.670190215110778809e+00
-1.561028718948364258e+00,2.388250350952148438e+00
-8.045159578323364258e-01,2.249149084091186523e+00
1.095551395416259766e+01,-1.523596882820129395e+00
8.591361999511718750e+00,1.135316944122314453e+01
1.063214874267578125e+01,-1.336330026388168335e-01
9.391605377197265625e+00,-1.468698143959045410e+00
1.034751796722412109e+01,-1.107859015464782715e+00
1.106725120544433594e+01,-6.878338456153869629e-01
-1.512528955936431885e-01,2.322570323944091797e+00
9.289473533630371094e+00,-9.001204967498779297e-01
1.037773418426513672e+01,6.174442768096923828e+00
-8.933601975440979004e-01,3.118647813796997070e+00
8.691301345825195312e+00,1.088267230987548828e+01
8.673238754272460938e+00,6.477638244628906250e+00
9.775023460388183594e+00,1.105593109130859375e+01
8.468294143676757812e+00,5.609895229339599609e+00
-1.901835501194000244e-01,3.204456090927124023e+00
8.307140350341796875e+00,1.068849849700927734e+01
-8.682969808578491211e-01,1.671421647071838379e+00
1.095077896118164062e+01,-2.522841989994049072e-01
9.827535629272460938e+00,-1.020680665969848633e+00
9.747471809387207031e+00,-4.465022087097167969e-01
9.448629379272460938e+00,7.453137397766113281e+00
8.671315193176269531e+00,7.010044097900390625e+00
-3.854120969772338867e-01,2.423669815063476562e+00
9.179023742675781250e+00,1.154232215881347656e+01
-1.150837540626525879e+00,1.889394998550415039e+00
8.756759643554687500e+00,1.120085048675537109e+01
1.043496227264404297e+01,2.042201906442642212e-02
8.464855194091796875e+00,6.452559471130371094e+00
-6.454107165336608887e-01,3.433480024337768555e+00
9.256633758544921875e+00,1.002344799041748047e+01
9.082526206970214844e+00,1.126878166198730469e+01
1.004698848724365234e+01,6.899244785308837891e+00
9.880126953125000000e+00,6.839179515838623047e+00
8.283907890319824219e+00,1.127802467346191406e+01
9.740175247192382812e+00,6.132081031799316406e+00
9.092844009399414062e+00,1.186819839477539062e+01
9.899175643920898438e+00,6.552016735076904297e+00
9.777954101562500000e+00,5.826491832733154297e+00
8.148720741271972656e+00,1.128358745574951172e+01
9.360021591186523438e+00,-3.579205274581909180e-01
1.112129211425781250e+01,-1.597681760787963867e+00
1.058173274993896484e+01,-4.485078752040863037e-01
8.917969703674316406e+00,6.244045257568359375e+00
-1.834657311439514160e+00,3.085994243621826172e+00
1.006240653991699219e+01,7.460920333862304688e+00
-8.296036124229431152e-01,3.352308988571166992e+00
9.753931045532226562e+00,-1.372995257377624512e+00
9.158641815185546875e+00,1.198074531555175781e+01
-1.067217350006103516e+00,2.817968845367431641e+00
1.030700206756591797e+01,-7.204259037971496582e-01
-9.451587200164794922e-01,3.431158542633056641e+00
-2.850939929485321045e-01,2.957126855850219727e+00
9.999498367309570312e+00,6.610635757446289062e+00
1.112451457977294922e+01,-1.104265451431274414e+00
9.816921234130859375e+00,5.943166732788085938e+00
8.868539810180664062e+00,1.043427467346191406e+01
9.119444847106933594e+00,1.048784828186035156e+01
-6.828586459159851074e-01,3.601928234100341797e+00
-3.577524721622467041e-01,2.730116367340087891e+00
1.030226802825927734e+01,6.659862995147705078e+00
9.458950042724609375e+00,8.491510391235351562e+00
1.077455997467041016e+01,-1.003974318504333496e+00
9.324365615844726562e+00,6.216548442840576172e+00
8.746938705444335938e+00,6.573006153106689453e+00
9.102542877197265625e+00,1.098841094970703125e+01
1.019906520843505859e+01,6.821552276611328125e+00
8.678298950195312500e+00,6.901848316192626953e+00
9.382335662841796875e+00,7.345128536224365234e+00
9.849690437316894531e+00,-2.084841966629028320e+00
8.194085121154785156e+00,1.066624259948730469e+01
8.948452949523925781e+00,1.105333423614501953e+01
-1.161316037178039551e+00,2.040606975555419922e+00
9.577052116394042969e+00,7.020989894866943359e+00
1.086047363281250000e+01,-2.883947789669036865e-01
1.053477859497070312e+01,-1.919993042945861816e+00
9.270221710205078125e+00,5.985158443450927734e+00
8.272289276123046875e+00,1.038945865631103516e+01
1.015763664245605469e+01,-3.814262151718139648e-01
9.087587356567382812e+00,6.427763938903808594e+00
9.233527183532714844e+00,6.257605552673339844e+00
1.031409549713134766e+01,-2.388400882482528687e-01
9.588347434997558594e+00,-6.545897126197814941e-01
8.305280685424804688e+00,1.141852951049804688e+01
9.221258163452148438e+00,1.162488842010498047e+01
9.933679580688476562e+00,-1.460028171539306641e+00
-1.892669916152954102e+00,2.713831663131713867e+00
1.006492328643798828e+01,-1.488901734352111816e+00
9.793301582336425781e+00,5.603459835052490234e+00
9.755240440368652344e+00,1.090861892700195312e+01
9.341045379638671875e+00,1.090641117095947266e+01
9.181406021118164062e+00,1.141533565521240234e+01
-5.420974493026733398e-01,3.508557081222534180e+00
-3.540650606155395508e-01,3.102531909942626953e+00
1.020627689361572266e+01,-9.710416793823242188e-01
8.950437545776367188e+00,7.251759052276611328e+00
8.628825187683105469e+00,1.009271430969238281e+01
-1.302805900573730469e+00,2.124506711959838867e+00
-1.825850844383239746e+00,2.792901515960693359e+00
9.442208290100097656e+00,1.179800510406494141e+01
8.792963027954101562e+00,1.109464550018310547e+01
8.917521476745605469e+00,6.643589019775390625e+00
1.049640560150146484e+01,-1.064983129501342773e+00
9.257625579833984375e+00,-6.477573513984680176e-01
1.063588428497314453e+01,-1.317806124687194824e+00
-1.772652149200439453e+00,2.516441106796264648e+00
9.517618179321289062e+00,1.106497764587402344e+01
9.536746025085449219e+00,-1.412778973579406738e+00
-5.173096656799316406e-01,3.220475196838378906e+00
9.231840133666992188e+00,-7.461116313934326172e-01
1.005613422393798828e+01,-1.731155157089233398e+00
1.039635753631591797e+01,-1.843406677246093750e+00
1.068709087371826172e+01,-8.321196436882019043e-01
9.872543334960937500e+00,5.887561798095703125e+00
8.691985130310058594e+00,1.102314090728759766e+01
9.448523521423339844e+00,1.045881366729736328e+01
9.809752464294433594e+00,6.814256191253662109e+00
1.005792808532714844e+01,7.685678005218505859e+00
9.044486045837402344e+00,1.148727226257324219e+01
8.564758300781250000e+00,1.062918567657470703e+01
8.567399978637695312e+00,6.415815353393554688e+00
9.516633033752441406e+00,8.369109153747558594e+00
-1.322336554527282715e+00,3.440758705139160156e+00
1.015473175048828125e+01,6.518311500549316406e+00
-8.423928618431091309e-01,1.663720369338989258e+00
-1.203487873077392578e+00,3.257029056549072266e+00
9.605788230895996094e+00,7.041285514831542969e+00
-5.754610300064086914e-01,3.353287458419799805e+00
8.843416213989257812e+00,1.102479362487792969e+01
8.711651802062988281e+00,6.674910545349121094e+00
8.411952972412109375e+00,1.176270008087158203e+01
8.984960556030273438e+00,1.008513164520263672e+01
1.029829788208007812e+01,-1.019684195518493652e+00
8.881340980529785156e+00,1.176279640197753906e+01
8.427915573120117188e+00,1.042053794860839844e+01
8.573191642761230469e+00,1.108761978149414062e+01
9.761405944824218750e+00,-7.248788475990295410e-01
8.458460807800292969e+00,1.085912227630615234e+01
9.796965599060058594e+00,-2.540751397609710693e-01
8.575079917907714844e+00,6.397671222686767578e+00
9.911996841430664062e+00,-9.933562278747558594e-01
9.338446617126464844e+00,1.045958328247070312e+01
8.502903938293457031e+00,1.064985084533691406e+01
9.100132942199707031e+00,1.079668426513671875e+01
9.725301742553710938e+00,5.618089199066162109e+00
-1.438367962837219238e-01,3.057137727737426758e+00
-8.253537416458129883e-01,2.203537464141845703e+00
-1.400367498397827148e+00,1.853917360305786133e+00
1.110664558410644531e+01,-1.284855842590332031e+00
9.437358856201171875e+00,1.167127990722656250e+01
9.706228256225585938e+00,5.832037448883056641e+00
-2.107698440551757812e+00,2.759409666061401367e+00
1.005620384216308594e+01,7.388516902923583984e+00
8.914154052734375000e+00,6.363586902618408203e+00
8.551301002502441406e+00,6.183446407318115234e+00
8.075287818908691406e+00,1.108749771118164062e+01
-9.482170343399047852e-01,1.911197423934936523e+00
9.402902603149414062e+00,1.152446079254150391e+01
1.083313274383544922e+01,-1.282462835311889648e+00
-1.175532102584838867e+00,3.045228958129882812e+00
-1.725516796112060547e+00,2.453997135162353516e+00
9.671175956726074219e+00,-6.282662153244018555e-01
8.953678131103515625e+00,1.043742942810058594e+01
-1.752339720726013184e+00,3.164574861526489258e+00
1.110482311248779297e+01,-1.700537443161010742e+00
9.526252746582031250e+00,5.398434638977050781e+00
-1.662955403327941895e+00,3.178392648696899414e+00
8.791686058044433594e+00,7.049335002899169922e+00
9.689319610595703125e+00,6.816437721252441406e+00
8.569869995117187500e+00,6.459662914276123047e+00
1.029132461547851562e+01,6.476471424102783203e+00
9.570522308349609375e+00,8.101907730102539062e+00
8.982406616210937500e+00,7.020082473754882812e+00
9.836102485656738281e+00,-3.997851610183715820e-01
-9.868329763412475586e-01,2.305133342742919922e+00
9.554692268371582031e+00,-4.042484760284423828e-01
-6.086948513984680176e-01,2.577691316604614258e+00
9.997520446777343750e+00,6.023033142089843750e+00
1.019137573242187500e+01,-2.134870529174804688e+00
8.287283897399902344e+00,1.025754928588867188e+01
-9.917317032814025879e-01,3.019325017929077148e+00
-7.604655027389526367e-01,3.558866024017333984e+00
